departamento;municipio;armas medios;cantidad;dia;mes;periodo;diasem
boyaca;sutamarchan;arma de fuego;1;19;1;2010;3
bogota d.c. (ct);bogota d.c. (ct);arma de fuego;1;21;1;2010;5
bogota d.c. (ct);bogota d.c. (ct);arma de fuego;1;2;2;2010;3
cordoba;cerete;arma de fuego;1;3;2;2010;4
santander;bucaramanga (ct);arma de fuego;1;3;2;2010;4
atlantico;juan de acosta;arma de fuego;1;5;2;2010;6
casanare;trinidad;arma de fuego;1;5;2;2010;6
guajira;urumita;arma de fuego;1;9;2;2010;3
atlantico;barranquilla (ct);arma de fuego;1;18;2;2010;5
bogota d.c. (ct);bogota d.c. (ct);arma de fuego;1;23;2;2010;3
antioquia;medellin (ct);arma de fuego;1;24;2;2010;4
atlantico;barranquilla (ct);arma de fuego;1;25;2;2010;5
magdalena;santa marta (ct);arma de fuego;1;27;2;2010;7
bogota d.c. (ct);bogota d.c. (ct);arma de fuego;1;4;3;2010;5
huila;gigante;arma de fuego;1;4;3;2010;5
bogota d.c. (ct);bogota d.c. (ct);arma de fuego;2;23;3;2010;3
antioquia;copacabana;contundentes;1;28;3;2010;1
cundinamarca;villa de san diego de ubate;arma de fuego;1;30;3;2010;3
bogota d.c. (ct);bogota d.c. (ct);arma de fuego;1;31;3;2010;4
antioquia;puerto berrio;arma de fuego;1;12;4;2010;2
boyaca;chiquinquira;arma de fuego;1;19;4;2010;2
cesar;valledupar (ct);arma de fuego;1;22;4;2010;5
guajira;riohacha (ct);arma de fuego;1;23;4;2010;6
bogota d.c. (ct);bogota d.c. (ct);arma de fuego;1;29;4;2010;5
meta;villavicencio (ct);arma de fuego;1;3;5;2010;2
quindio;armenia (ct);arma de fuego;1;3;5;2010;2
bogota d.c. (ct);bogota d.c. (ct);arma de fuego;1;5;5;2010;4
bogota d.c. (ct);bogota d.c. (ct);arma de fuego;1;7;5;2010;6
atlantico;barranquilla (ct);arma de fuego;1;19;5;2010;4
bogota d.c. (ct);bogota d.c. (ct);arma de fuego;2;25;5;2010;3
bogota d.c. (ct);bogota d.c. (ct);arma de fuego;1;4;6;2010;6
valle;cali (ct);arma de fuego;1;10;6;2010;5
valle;cali (ct);arma de fuego;1;11;6;2010;6
valle;cali (ct);arma de fuego;1;15;6;2010;3
bogota d.c. (ct);bogota d.c. (ct);arma de fuego;1;24;6;2010;5
bogota d.c. (ct);bogota d.c. (ct);arma de fuego;1;29;6;2010;3
bogota d.c. (ct);bogota d.c. (ct);arma de fuego;1;1;7;2010;5
antioquia;rionegro;arma de fuego;1;12;7;2010;2
atlantico;barranquilla (ct);arma de fuego;1;16;7;2010;6
meta;granada;sin empleo de armas;1;17;7;2010;7
narino;pasto (ct);arma de fuego;1;23;7;2010;6
bogota d.c. (ct);bogota d.c. (ct);arma de fuego;2;26;7;2010;2
bogota d.c. (ct);bogota d.c. (ct);arma de fuego;1;28;7;2010;4
magdalena;plato;arma de fuego;1;31;7;2010;7
cesar;valledupar (ct);arma de fuego;1;3;8;2010;3
bogota d.c. (ct);bogota d.c. (ct);arma de fuego;2;9;8;2010;2
bogota d.c. (ct);bogota d.c. (ct);arma de fuego;1;10;8;2010;3
cesar;valledupar (ct);arma de fuego;1;16;9;2010;5
meta;villavicencio (ct);arma de fuego;1;22;9;2010;4
bogota d.c. (ct);bogota d.c. (ct);arma de fuego;1;30;9;2010;5
antioquia;caldas;arma de fuego;1;12;10;2010;3
guajira;fonseca;arma de fuego;1;15;10;2010;6
antioquia;la pintada;sin empleo de armas;1;15;10;2010;6
atlantico;baranoa;no reporta;1;16;10;2010;7
bogota d.c. (ct);bogota d.c. (ct);arma de fuego;1;19;10;2010;3
bolivar;cartagena (ct);arma de fuego;1;22;10;2010;6
bogota d.c. (ct);bogota d.c. (ct);arma de fuego;1;22;10;2010;6
magdalena;cienaga;arma de fuego;1;22;10;2010;6
antioquia;medellin (ct);contundentes;1;25;10;2010;2
santander;barrancabermeja;arma de fuego;1;4;11;2010;5
bogota d.c. (ct);bogota d.c. (ct);arma de fuego;1;9;11;2010;3
cauca;el tambo;arma de fuego;1;10;11;2010;4
valle;cali (ct);arma de fuego;1;12;11;2010;6
antioquia;medellin (ct);contundentes;1;23;11;2010;3
bogota d.c. (ct);bogota d.c. (ct);arma de fuego;1;16;12;2010;5
atlantico;barranquilla (ct);arma de fuego;1;11;1;2011;3
bogota d.c. (ct);bogota d.c. (ct);arma de fuego;2;12;1;2011;4
bogota d.c. (ct);bogota d.c. (ct);arma de fuego;1;19;1;2011;4
valle;cali (ct);arma de fuego;1;20;1;2011;5
bogota d.c. (ct);bogota d.c. (ct);arma de fuego;1;25;1;2011;3
bogota d.c. (ct);bogota d.c. (ct);arma de fuego;1;27;1;2011;5
huila;algeciras;arma de fuego;1;27;1;2011;5
valle;cali (ct);arma de fuego;1;31;1;2011;2
atlantico;barranquilla (ct);arma de fuego;1;4;2;2011;6
atlantico;barranquilla (ct);arma de fuego;1;16;2;2011;4
bogota d.c. (ct);bogota d.c. (ct);arma de fuego;1;16;2;2011;4
valle;cali (ct);arma de fuego;1;16;2;2011;4
atlantico;soledad;contundentes;1;18;2;2011;6
bogota d.c. (ct);bogota d.c. (ct);arma de fuego;2;22;2;2011;3
atlantico;barranquilla (ct);arma de fuego;1;23;2;2011;4
bogota d.c. (ct);bogota d.c. (ct);arma de fuego;1;23;2;2011;4
cauca;purace;contundentes;1;23;2;2011;4
bogota d.c. (ct);bogota d.c. (ct);arma de fuego;1;24;2;2011;5
antioquia;itagui;arma de fuego;1;4;3;2011;6
bogota d.c. (ct);bogota d.c. (ct);arma de fuego;1;4;3;2011;6
antioquia;medellin (ct);arma de fuego;1;8;3;2011;3
valle;cali (ct);arma de fuego;1;8;3;2011;3
bogota d.c. (ct);bogota d.c. (ct);arma de fuego;1;9;3;2011;4
magdalena;plato;arma de fuego;1;10;3;2011;5
bogota d.c. (ct);bogota d.c. (ct);arma de fuego;1;14;3;2011;2
bogota d.c. (ct);bogota d.c. (ct);arma de fuego;1;22;3;2011;3
bogota d.c. (ct);bogota d.c. (ct);arma de fuego;1;25;3;2011;6
bogota d.c. (ct);bogota d.c. (ct);arma de fuego;1;29;3;2011;3
narino;ipiales;arma de fuego;1;4;4;2011;2
bogota d.c. (ct);bogota d.c. (ct);arma de fuego;1;12;4;2011;3
meta;acacias;sin empleo de armas;1;21;4;2011;5
valle;guadalajara de buga;contundentes;1;24;4;2011;1
meta;castilla la nueva;arma de fuego;1;25;4;2011;2
bogota d.c. (ct);bogota d.c. (ct);arma de fuego;1;26;4;2011;3
antioquia;medellin (ct);sin empleo de armas;1;2;5;2011;2
bogota d.c. (ct);bogota d.c. (ct);arma de fuego;1;3;5;2011;3
bogota d.c. (ct);bogota d.c. (ct);arma de fuego;1;6;5;2011;6
bogota d.c. (ct);bogota d.c. (ct);arma de fuego;1;10;5;2011;3
bogota d.c. (ct);bogota d.c. (ct);arma de fuego;2;11;5;2011;4
valle;cali (ct);arma de fuego;1;11;5;2011;4
bogota d.c. (ct);bogota d.c. (ct);arma de fuego;1;13;5;2011;6
valle;yumbo;arma de fuego;1;13;5;2011;6
antioquia;medellin (ct);arma de fuego;1;18;5;2011;4
bogota d.c. (ct);bogota d.c. (ct);arma de fuego;1;18;5;2011;4
boyaca;paipa;arma de fuego;1;19;5;2011;5
valle;cali (ct);arma de fuego;1;19;5;2011;5
bogota d.c. (ct);bogota d.c. (ct);arma de fuego;1;23;5;2011;2
cauca;popayan (ct);arma de fuego;1;25;5;2011;4
bogota d.c. (ct);bogota d.c. (ct);arma de fuego;1;26;5;2011;5
bogota d.c. (ct);bogota d.c. (ct);arma de fuego;1;30;5;2011;2
guajira;riohacha (ct);arma de fuego;1;3;6;2011;6
magdalena;santa marta (ct);arma de fuego;1;7;6;2011;3
bogota d.c. (ct);bogota d.c. (ct);arma de fuego;1;10;6;2011;6
bogota d.c. (ct);bogota d.c. (ct);arma de fuego;1;20;6;2011;2
caldas;manizales (ct);arma de fuego;1;30;6;2011;5
bogota d.c. (ct);bogota d.c. (ct);arma de fuego;2;12;7;2011;3
bogota d.c. (ct);bogota d.c. (ct);arma de fuego;1;15;7;2011;6
bogota d.c. (ct);bogota d.c. (ct);arma de fuego;1;18;7;2011;2
bolivar;calamar;arma de fuego;1;21;7;2011;5
bogota d.c. (ct);bogota d.c. (ct);arma de fuego;1;22;7;2011;6
valle;cali (ct);arma de fuego;1;22;7;2011;6
boyaca;sogamoso;arma de fuego;1;23;7;2011;7
valle;tulua;arma de fuego;1;1;8;2011;2
bogota d.c. (ct);bogota d.c. (ct);arma de fuego;1;10;8;2011;4
antioquia;medellin (ct);sin empleo de armas;1;12;8;2011;6
bogota d.c. (ct);bogota d.c. (ct);arma de fuego;1;19;8;2011;6
antioquia;medellin (ct);sin empleo de armas;1;26;8;2011;6
bogota d.c. (ct);bogota d.c. (ct);arma de fuego;1;29;8;2011;2
atlantico;barranquilla (ct);arma de fuego;1;31;8;2011;4
atlantico;barranquilla (ct);arma de fuego;1;6;9;2011;3
valle;cali (ct);arma de fuego;1;13;9;2011;3
antioquia;itagui;arma de fuego;1;19;9;2011;2
bogota d.c. (ct);bogota d.c. (ct);arma de fuego;1;26;9;2011;2
bogota d.c. (ct);bogota d.c. (ct);arma de fuego;1;28;9;2011;4
bogota d.c. (ct);bogota d.c. (ct);arma de fuego;1;29;9;2011;5
bogota d.c. (ct);bogota d.c. (ct);arma de fuego;2;4;10;2011;3
bogota d.c. (ct);bogota d.c. (ct);arma de fuego;1;5;10;2011;4
magdalena;aracataca;arma de fuego;1;5;10;2011;4
antioquia;itagui;arma de fuego;1;7;10;2011;6
atlantico;barranquilla (ct);arma de fuego;1;10;10;2011;2
valle;cali (ct);arma de fuego;1;11;10;2011;3
antioquia;medellin (ct);arma de fuego;1;2;11;2011;4
antioquia;envigado;arma de fuego;1;3;11;2011;5
atlantico;barranquilla (ct);arma de fuego;1;3;11;2011;5
bogota d.c. (ct);bogota d.c. (ct);arma de fuego;1;3;11;2011;5
bogota d.c. (ct);bogota d.c. (ct);arma de fuego;1;4;11;2011;6
bogota d.c. (ct);bogota d.c. (ct);arma de fuego;1;9;11;2011;4
valle;florida;arma blanca / cortopunzante;1;10;11;2011;5
bogota d.c. (ct);bogota d.c. (ct);arma de fuego;1;10;11;2011;5
bogota d.c. (ct);bogota d.c. (ct);arma de fuego;2;15;11;2011;3
guajira;maicao;contundentes;1;18;11;2011;6
valle;guadalajara de buga;cortantes;1;21;11;2011;2
antioquia;medellin (ct);arma de fuego;1;25;11;2011;6
atlantico;barranquilla (ct);arma de fuego;1;27;11;2011;1
bogota d.c. (ct);bogota d.c. (ct);arma de fuego;1;30;11;2011;4
antioquia;envigado;arma de fuego;1;1;12;2011;5
bolivar;cartagena (ct);arma de fuego;1;2;12;2011;6
antioquia;medellin (ct);arma de fuego;1;5;12;2011;2
caldas;belalcazar;arma de fuego;1;8;12;2011;5
bogota d.c. (ct);bogota d.c. (ct);arma de fuego;1;9;12;2011;6
atlantico;barranquilla (ct);arma de fuego;1;10;12;2011;7
valle;palmira;arma de fuego;1;12;12;2011;2
sucre;san marcos;arma de fuego;1;20;12;2011;3
tolima;ibague (ct);arma de fuego;1;27;12;2011;3
atlantico;barranquilla (ct);arma de fuego;1;9;1;2012;2
bogota d.c. (ct);bogota d.c. (ct);arma de fuego;1;10;1;2012;3
antioquia;medellin (ct);arma de fuego;1;11;1;2012;4
bogota d.c. (ct);bogota d.c. (ct);arma de fuego;2;12;1;2012;5
bogota d.c. (ct);bogota d.c. (ct);arma de fuego;1;13;1;2012;6
bogota d.c. (ct);bogota d.c. (ct);arma de fuego;1;17;1;2012;3
antioquia;caldas;arma de fuego;2;19;1;2012;5
bolivar;cartagena (ct);sin empleo de armas;1;19;1;2012;5
antioquia;medellin (ct);arma de fuego;1;20;1;2012;6
bogota d.c. (ct);bogota d.c. (ct);arma de fuego;1;20;1;2012;6
bogota d.c. (ct);bogota d.c. (ct);arma de fuego;1;24;1;2012;3
antioquia;medellin (ct);arma de fuego;1;27;1;2012;6
valle;cali (ct);arma de fuego;1;30;1;2012;2
bogota d.c. (ct);bogota d.c. (ct);arma de fuego;1;31;1;2012;3
valle;cali (ct);arma de fuego;1;31;1;2012;3
valle;cali (ct);arma de fuego;1;1;2;2012;4
cesar;el copey;arma de fuego;1;2;2;2012;5
atlantico;puerto colombia;arma de fuego;1;6;2;2012;2
cesar;agustin codazzi;arma de fuego;1;9;2;2012;5
antioquia;sabaneta;arma de fuego;1;10;2;2012;6
bogota d.c. (ct);bogota d.c. (ct);arma de fuego;3;23;2;2012;5
cesar;pailitas;arma de fuego;1;24;2;2012;6
bolivar;cartagena (ct);arma de fuego;1;27;2;2012;2
bogota d.c. (ct);bogota d.c. (ct);arma de fuego;1;27;2;2012;2
atlantico;barranquilla (ct);arma de fuego;1;1;3;2012;5
bogota d.c. (ct);bogota d.c. (ct);arma de fuego;1;6;3;2012;3
bogota d.c. (ct);bogota d.c. (ct);arma de fuego;1;20;3;2012;3
magdalena;santa marta (ct);arma de fuego;1;7;4;2012;7
antioquia;venecia;contundentes;1;9;4;2012;2
bogota d.c. (ct);bogota d.c. (ct);arma de fuego;1;12;4;2012;5
bogota d.c. (ct);bogota d.c. (ct);arma de fuego;1;23;4;2012;2
bogota d.c. (ct);bogota d.c. (ct);arma de fuego;1;25;4;2012;4
bogota d.c. (ct);bogota d.c. (ct);arma de fuego;2;3;5;2012;5
magdalena;santa marta (ct);arma de fuego;1;7;5;2012;2
antioquia;medellin (ct);sin empleo de armas;1;7;5;2012;2
bogota d.c. (ct);bogota d.c. (ct);arma de fuego;1;24;5;2012;5
bogota d.c. (ct);bogota d.c. (ct);arma de fuego;1;25;5;2012;6
atlantico;barranquilla (ct);arma de fuego;1;30;5;2012;4
bogota d.c. (ct);bogota d.c. (ct);arma de fuego;1;31;5;2012;5
cauca;caloto;arma de fuego;1;1;6;2012;6
bogota d.c. (ct);bogota d.c. (ct);arma de fuego;1;7;6;2012;5
bogota d.c. (ct);bogota d.c. (ct);arma de fuego;1;8;6;2012;6
valle;cali (ct);arma de fuego;1;12;6;2012;3
atlantico;barranquilla (ct);arma de fuego;1;22;6;2012;6
atlantico;barranquilla (ct);arma de fuego;1;27;6;2012;4
cauca;lopez;cortopunzantes;1;1;7;2012;1
santander;bucaramanga (ct);arma de fuego;1;11;7;2012;4
magdalena;cienaga;arma de fuego;1;13;7;2012;6
antioquia;medellin (ct);contundentes;1;13;7;2012;6
tolima;ibague (ct);arma de fuego;1;16;7;2012;2
atlantico;barranquilla (ct);arma de fuego;1;19;7;2012;5
atlantico;barranquilla (ct);arma de fuego;1;25;7;2012;4
bogota d.c. (ct);bogota d.c. (ct);arma de fuego;1;26;7;2012;5
bogota d.c. (ct);bogota d.c. (ct);arma de fuego;1;27;7;2012;6
bogota d.c. (ct);bogota d.c. (ct);arma de fuego;1;30;7;2012;2
antioquia;medellin (ct);sin empleo de armas;1;3;8;2012;6
bogota d.c. (ct);bogota d.c. (ct);arma de fuego;1;8;8;2012;4
meta;villavicencio (ct);cortopunzantes;1;21;8;2012;3
bogota d.c. (ct);bogota d.c. (ct);arma de fuego;1;23;8;2012;5
bogota d.c. (ct);bogota d.c. (ct);arma de fuego;1;28;8;2012;3
atlantico;barranquilla (ct);contundentes;1;3;9;2012;2
magdalena;santa marta (ct);arma de fuego;1;7;9;2012;6
bogota d.c. (ct);bogota d.c. (ct);arma de fuego;1;10;9;2012;2
meta;villavicencio (ct);arma de fuego;1;11;9;2012;3
antioquia;don matias;sin empleo de armas;1;15;9;2012;7
magdalena;santa marta (ct);arma de fuego;1;17;9;2012;2
atlantico;barranquilla (ct);arma de fuego;1;26;9;2012;4
bogota d.c. (ct);bogota d.c. (ct);arma de fuego;1;26;9;2012;4
magdalena;santa marta (ct);arma de fuego;1;26;9;2012;4
antioquia;medellin (ct);arma de fuego;1;5;10;2012;6
bogota d.c. (ct);bogota d.c. (ct);arma de fuego;1;9;10;2012;3
magdalena;fundacion;contundentes;1;10;10;2012;4
atlantico;manati;arma de fuego;1;11;10;2012;5
magdalena;fundacion;arma de fuego;1;20;10;2012;7
magdalena;santa marta (ct);arma de fuego;1;26;10;2012;6
meta;puerto lopez;arma de fuego;1;1;11;2012;5
atlantico;barranquilla (ct);cortantes;1;2;11;2012;6
bogota d.c. (ct);bogota d.c. (ct);arma de fuego;1;7;11;2012;4
valle;cali (ct);arma de fuego;1;9;11;2012;6
bogota d.c. (ct);bogota d.c. (ct);arma de fuego;2;13;11;2012;3
bogota d.c. (ct);bogota d.c. (ct);arma de fuego;1;14;11;2012;4
atlantico;barranquilla (ct);arma de fuego;2;16;11;2012;6
valle;cali (ct);arma de fuego;1;23;11;2012;6
magdalena;plato;contundentes;1;27;11;2012;3
antioquia;sabaneta;arma de fuego;1;28;11;2012;4
bogota d.c. (ct);bogota d.c. (ct);arma de fuego;1;28;11;2012;4
atlantico;repelon;arma de fuego;1;29;11;2012;5
atlantico;barranquilla (ct);arma de fuego;1;30;11;2012;6
atlantico;barranquilla (ct);arma de fuego;1;5;12;2012;4
sucre;san pedro;arma de fuego;1;11;12;2012;3
antioquia;medellin (ct);arma de fuego;1;13;12;2012;5
magdalena;santa marta (ct);arma de fuego;1;13;12;2012;5
antioquia;medellin (ct);arma de fuego;1;19;12;2012;4
antioquia;medellin (ct);arma de fuego;1;20;12;2012;5
huila;pitalito;arma de fuego;1;23;12;2012;1
atlantico;barranquilla (ct);arma de fuego;1;28;12;2012;6
antioquia;medellin (ct);arma de fuego;1;4;1;2013;6
cordoba;buenavista;arma de fuego;1;9;1;2013;4
antioquia;medellin (ct);arma de fuego;1;14;1;2013;2
antioquia;medellin (ct);arma de fuego;1;16;1;2013;4
valle;candelaria;arma de fuego;1;22;1;2013;3
antioquia;medellin (ct);arma de fuego;1;28;1;2013;2
antioquia;medellin (ct);arma de fuego;2;4;2;2013;2
magdalena;fundacion;arma de fuego;1;4;2;2013;2
magdalena;santa marta (ct);arma de fuego;1;4;2;2013;2
antioquia;medellin (ct);arma de fuego;1;7;2;2013;5
antioquia;medellin (ct);arma de fuego;1;13;2;2013;4
bogota d.c. (ct);bogota d.c. (ct);arma de fuego;2;13;2;2013;4
cesar;chimichagua;arma de fuego;1;14;2;2013;5
valle;cali (ct);arma de fuego;1;14;2;2013;5
bogota d.c. (ct);bogota d.c. (ct);arma de fuego;1;21;2;2013;5
antioquia;medellin (ct);arma de fuego;1;25;2;2013;2
antioquia;envigado;arma de fuego;1;7;3;2013;5
valle;palmira;arma de fuego;1;8;3;2013;6
magdalena;santa marta (ct);sin empleo de armas;1;8;3;2013;6
antioquia;medellin (ct);sin empleo de armas;1;13;3;2013;4
antioquia;rionegro;arma de fuego;1;15;3;2013;6
bogota d.c. (ct);bogota d.c. (ct);arma de fuego;1;15;3;2013;6
bogota d.c. (ct);bogota d.c. (ct);arma de fuego;1;19;3;2013;3
atlantico;barranquilla (ct);arma de fuego;1;22;3;2013;6
narino;ipiales;arma de fuego;1;25;3;2013;2
antioquia;medellin (ct);arma de fuego;1;26;3;2013;3
magdalena;sabanas de san angel;arma de fuego;1;3;4;2013;4
antioquia;medellin (ct);arma de fuego;1;5;4;2013;6
antioquia;bello;sin empleo de armas;1;6;4;2013;7
huila;neiva (ct);arma de fuego;1;12;4;2013;6
antioquia;medellin (ct);arma de fuego;1;17;4;2013;4
santander;lebrija;arma de fuego;1;25;4;2013;5
antioquia;envigado;arma de fuego;1;1;5;2013;4
huila;neiva (ct);arma de fuego;1;8;5;2013;4
antioquia;medellin (ct);arma de fuego;1;14;5;2013;3
antioquia;itagui;sin empleo de armas;1;16;5;2013;5
antioquia;medellin (ct);arma de fuego;1;17;5;2013;6
antioquia;medellin (ct);arma de fuego;1;23;5;2013;5
atlantico;barranquilla (ct);arma de fuego;1;24;5;2013;6
cordoba;planeta rica;arma de fuego;1;27;5;2013;2
atlantico;juan de acosta;arma de fuego;1;29;5;2013;4
antioquia;bello;arma de fuego;1;30;5;2013;5
antioquia;medellin (ct);arma de fuego;1;4;6;2013;3
antioquia;medellin (ct);arma de fuego;1;5;6;2013;4
bolivar;san jacinto;arma de fuego;1;6;6;2013;5
norte de santander;lourdes;arma de fuego;1;6;6;2013;5
antioquia;medellin (ct);arma de fuego;1;13;6;2013;5
antioquia;abejorral;contundentes;1;15;7;2013;2
huila;neiva (ct);arma de fuego;1;19;7;2013;6
antioquia;medellin (ct);contundentes;1;21;7;2013;1
bogota d.c. (ct);bogota d.c. (ct);arma de fuego;1;26;7;2013;6
huila;neiva (ct);arma de fuego;1;27;7;2013;7
atlantico;barranquilla (ct);arma de fuego;1;8;8;2013;5
bolivar;cartagena (ct);arma de fuego;1;8;8;2013;5
bogota d.c. (ct);bogota d.c. (ct);arma de fuego;1;9;8;2013;6
norte de santander;convencion;arma de fuego;1;14;8;2013;4
atlantico;soledad;arma de fuego;1;26;8;2013;2
magdalena;santa marta (ct);arma de fuego;1;2;9;2013;2
atlantico;malambo;arma de fuego;1;4;9;2013;4
bogota d.c. (ct);bogota d.c. (ct);arma de fuego;1;17;9;2013;3
meta;villavicencio (ct);arma de fuego;1;17;9;2013;3
atlantico;barranquilla (ct);arma de fuego;1;20;9;2013;6
magdalena;santa marta (ct);arma de fuego;1;21;9;2013;7
atlantico;candelaria;arma de fuego;1;27;9;2013;6
atlantico;puerto colombia;contundentes;1;30;9;2013;2
bogota d.c. (ct);bogota d.c. (ct);arma de fuego;1;3;10;2013;5
sucre;sincelejo (ct);arma de fuego;1;4;10;2013;6
magdalena;fundacion;arma de fuego;1;15;10;2013;3
atlantico;galapa;arma de fuego;1;21;10;2013;2
antioquia;medellin (ct);contundentes;1;23;10;2013;4
cordoba;monteria (ct);sin empleo de armas;1;30;10;2013;4
bogota d.c. (ct);bogota d.c. (ct);arma de fuego;1;7;11;2013;5
atlantico;barranquilla (ct);arma de fuego;1;12;11;2013;3
atlantico;barranquilla (ct);arma de fuego;1;15;11;2013;6
bogota d.c. (ct);bogota d.c. (ct);arma de fuego;1;19;11;2013;3
valle;cali (ct);arma de fuego;1;22;11;2013;6
antioquia;medellin (ct);arma de fuego;1;26;11;2013;3
atlantico;barranquilla (ct);arma de fuego;1;27;11;2013;4
bogota d.c. (ct);bogota d.c. (ct);arma de fuego;1;28;11;2013;5
atlantico;baranoa;arma de fuego;1;2;12;2013;2
antioquia;medellin (ct);arma de fuego;1;6;12;2013;6
cesar;san diego;arma de fuego;1;12;12;2013;5
valle;jamundi;arma de fuego;1;12;12;2013;5
bogota d.c. (ct);bogota d.c. (ct);arma de fuego;1;19;12;2013;5
bogota d.c. (ct);bogota d.c. (ct);arma de fuego;1;24;12;2013;3
bogota d.c. (ct);bogota d.c. (ct);arma de fuego;1;27;12;2013;6
antioquia;medellin (ct);contundentes;1;28;12;2013;7
amazonas;leticia (ct);sin empleo de armas;1;28;12;2013;7
bogota d.c. (ct);bogota d.c. (ct);arma de fuego;1;7;1;2014;3
bogota d.c. (ct);bogota d.c. (ct);arma de fuego;1;8;1;2014;4
bogota d.c. (ct);bogota d.c. (ct);arma de fuego;2;15;1;2014;4
valle;cali (ct);arma de fuego;1;15;1;2014;4
bolivar;cartagena (ct);arma de fuego;1;17;1;2014;6
bogota d.c. (ct);bogota d.c. (ct);arma de fuego;1;17;1;2014;6
bogota d.c. (ct);bogota d.c. (ct);arma de fuego;1;22;1;2014;4
bogota d.c. (ct);bogota d.c. (ct);arma de fuego;1;23;1;2014;5
cesar;valledupar (ct);sin empleo de armas;1;28;1;2014;3
bogota d.c. (ct);bogota d.c. (ct);arma de fuego;2;29;1;2014;4
atlantico;barranquilla (ct);arma de fuego;1;30;1;2014;5
cesar;el copey;arma de fuego;1;30;1;2014;5
risaralda;pereira (ct);arma de fuego;1;1;2;2014;7
atlantico;barranquilla (ct);arma de fuego;1;3;2;2014;2
bogota d.c. (ct);bogota d.c. (ct);arma de fuego;1;3;2;2014;2
valle;cali (ct);arma de fuego;1;4;2;2014;3
bogota d.c. (ct);bogota d.c. (ct);arma de fuego;2;6;2;2014;5
bogota d.c. (ct);bogota d.c. (ct);arma de fuego;1;12;2;2014;4
bogota d.c. (ct);bogota d.c. (ct);arma de fuego;1;13;2;2014;5
atlantico;barranquilla (ct);arma de fuego;1;14;2;2014;6
casanare;paz de ariporo;arma de fuego;1;21;2;2014;6
bogota d.c. (ct);bogota d.c. (ct);arma de fuego;1;27;2;2014;5
bogota d.c. (ct);bogota d.c. (ct);arma de fuego;1;28;2;2014;6
bolivar;cartagena (ct);arma de fuego;1;4;3;2014;3
bogota d.c. (ct);bogota d.c. (ct);arma de fuego;1;6;3;2014;5
cundinamarca;fusagasuga;arma de fuego;1;11;3;2014;3
atlantico;barranquilla (ct);sin empleo de armas;1;11;3;2014;3
bogota d.c. (ct);bogota d.c. (ct);arma de fuego;1;14;3;2014;6
cordoba;sahagun;arma de fuego;1;18;3;2014;3
bogota d.c. (ct);bogota d.c. (ct);arma de fuego;1;21;3;2014;6
risaralda;pereira (ct);arma de fuego;1;21;3;2014;6
bogota d.c. (ct);bogota d.c. (ct);arma de fuego;1;2;4;2014;4
atlantico;barranquilla (ct);arma de fuego;1;3;4;2014;5
huila;villavieja;arma de fuego;1;4;4;2014;6
atlantico;barranquilla (ct);arma de fuego;1;9;4;2014;4
bogota d.c. (ct);bogota d.c. (ct);arma de fuego;1;10;4;2014;5
bogota d.c. (ct);bogota d.c. (ct);arma de fuego;1;15;4;2014;3
meta;villavicencio (ct);arma de fuego;1;16;4;2014;4
bogota d.c. (ct);bogota d.c. (ct);arma de fuego;1;22;4;2014;3
bogota d.c. (ct);bogota d.c. (ct);arma de fuego;1;25;4;2014;6
bogota d.c. (ct);bogota d.c. (ct);arma de fuego;1;7;5;2014;4
casanare;villanueva;arma de fuego;1;8;5;2014;5
valle;cali (ct);arma de fuego;1;9;5;2014;6
atlantico;barranquilla (ct);arma de fuego;1;14;5;2014;4
cauca;caloto;arma de fuego;1;17;5;2014;7
antioquia;medellin (ct);contundentes;1;18;5;2014;1
atlantico;barranquilla (ct);arma de fuego;1;21;5;2014;4
bogota d.c. (ct);bogota d.c. (ct);arma de fuego;1;26;5;2014;2
bogota d.c. (ct);bogota d.c. (ct);arma de fuego;1;4;6;2014;4
atlantico;barranquilla (ct);arma de fuego;1;5;6;2014;5
bogota d.c. (ct);bogota d.c. (ct);arma de fuego;1;5;6;2014;5
atlantico;barranquilla (ct);arma de fuego;1;6;6;2014;6
atlantico;barranquilla (ct);arma de fuego;1;17;6;2014;3
huila;hobo;arma de fuego;1;25;6;2014;4
valle;caicedonia;arma de fuego;1;5;7;2014;7
valle;cali (ct);arma de fuego;1;17;7;2014;5
meta;acacias;arma de fuego;1;18;7;2014;6
atlantico;puerto colombia;arma de fuego;1;25;7;2014;6
atlantico;barranquilla (ct);arma de fuego;1;4;8;2014;2
bogota d.c. (ct);bogota d.c. (ct);arma de fuego;1;5;8;2014;3
quindio;la tebaida;arma de fuego;1;11;8;2014;2
bolivar;cartagena (ct);arma de fuego;1;13;8;2014;4
santander;bucaramanga (ct);arma de fuego;1;20;8;2014;4
bolivar;calamar;sin empleo de armas;1;22;8;2014;6
casanare;villanueva;arma de fuego;1;26;8;2014;3
bogota d.c. (ct);bogota d.c. (ct);arma de fuego;1;1;9;2014;2
bogota d.c. (ct);bogota d.c. (ct);arma de fuego;1;2;9;2014;3
meta;villavicencio (ct);arma de fuego;1;4;9;2014;5
tolima;ibague (ct);arma de fuego;1;4;9;2014;5
magdalena;santa ana;arma de fuego;1;9;9;2014;3
bogota d.c. (ct);bogota d.c. (ct);arma de fuego;1;12;9;2014;6
santander;bucaramanga (ct);arma de fuego;1;15;9;2014;2
bogota d.c. (ct);bogota d.c. (ct);arma de fuego;1;18;9;2014;5
bogota d.c. (ct);bogota d.c. (ct);arma de fuego;1;23;9;2014;3
bogota d.c. (ct);bogota d.c. (ct);arma de fuego;1;25;9;2014;5
atlantico;soledad;arma de fuego;1;26;9;2014;6
huila;neiva (ct);arma de fuego;1;26;9;2014;6
meta;acacias;arma de fuego;1;26;9;2014;6
antioquia;copacabana;arma de fuego;1;1;10;2014;4
boyaca;tunja (ct);arma de fuego;1;9;10;2014;5
meta;puerto gaitan;sin empleo de armas;1;10;10;2014;6
bolivar;cartagena (ct);arma de fuego;1;14;10;2014;3
bogota d.c. (ct);bogota d.c. (ct);arma de fuego;1;15;10;2014;4
bogota d.c. (ct);bogota d.c. (ct);arma de fuego;1;18;10;2014;7
bogota d.c. (ct);bogota d.c. (ct);arma de fuego;1;21;10;2014;3
bogota d.c. (ct);bogota d.c. (ct);arma de fuego;1;28;10;2014;3
sucre;los palmitos;arma de fuego;1;30;10;2014;5
bogota d.c. (ct);bogota d.c. (ct);arma de fuego;1;31;10;2014;6
cordoba;san andres sotavento;arma de fuego;1;4;11;2014;3
magdalena;santa ana;arma de fuego;1;5;11;2014;4
antioquia;medellin (ct);arma de fuego;1;6;11;2014;5
narino;pasto (ct);arma de fuego;1;7;11;2014;6
antioquia;la union;arma de fuego;1;10;11;2014;2
antioquia;medellin (ct);sin empleo de armas;1;10;11;2014;2
antioquia;medellin (ct);arma de fuego;1;13;11;2014;5
bogota d.c. (ct);bogota d.c. (ct);arma de fuego;1;14;11;2014;6
cundinamarca;anapoima;arma de fuego;1;24;11;2014;2
atlantico;puerto colombia;arma de fuego;1;28;11;2014;6
casanare;villanueva;arma de fuego;1;28;11;2014;6
meta;acacias;arma de fuego;1;28;11;2014;6
antioquia;chigorodo;contundentes;1;9;12;2014;3
valle;san pedro;cortantes;1;10;12;2014;4
cordoba;tierralta;arma de fuego;1;18;12;2014;5
boyaca;puerto boyaca;contundentes;1;18;12;2014;5
antioquia;rionegro;sin empleo de armas;1;19;12;2014;6
bogota d.c. (ct);bogota d.c. (ct);arma de fuego;1;6;1;2015;3
magdalena;chibolo;contundentes;1;7;1;2015;4
antioquia;medellin (ct);arma de fuego;1;9;1;2015;6
valle;yumbo;arma de fuego;1;13;1;2015;3
antioquia;copacabana;arma de fuego;1;15;1;2015;5
cauca;lopez;arma de fuego;1;16;1;2015;6
cesar;curumani;sin empleo de armas;1;25;1;2015;1
bolivar;cartagena (ct);arma de fuego;1;28;1;2015;4
valle;cali (ct);arma de fuego;1;28;1;2015;4
magdalena;santa marta (ct);arma de fuego;1;29;1;2015;5
bogota d.c. (ct);bogota d.c. (ct);arma de fuego;1;30;1;2015;6
atlantico;barranquilla (ct);arma de fuego;1;10;2;2015;3
bogota d.c. (ct);bogota d.c. (ct);arma de fuego;1;12;2;2015;5
bogota d.c. (ct);bogota d.c. (ct);arma de fuego;1;17;2;2015;3
bogota d.c. (ct);bogota d.c. (ct);arma de fuego;1;19;2;2015;5
bogota d.c. (ct);bogota d.c. (ct);arma de fuego;1;24;2;2015;3
atlantico;barranquilla (ct);arma de fuego;1;27;2;2015;6
meta;villavicencio (ct);arma de fuego;1;27;2;2015;6
bogota d.c. (ct);bogota d.c. (ct);arma de fuego;1;6;3;2015;6
antioquia;penol;arma de fuego;1;10;3;2015;3
bogota d.c. (ct);bogota d.c. (ct);arma de fuego;1;10;3;2015;3
santander;bucaramanga (ct);arma de fuego;1;11;3;2015;4
bogota d.c. (ct);bogota d.c. (ct);arma de fuego;1;16;3;2015;2
bogota d.c. (ct);bogota d.c. (ct);arma de fuego;1;18;3;2015;4
sucre;santiago de tolu;arma de fuego;1;18;3;2015;4
santander;bucaramanga (ct);arma de fuego;1;19;3;2015;5
cordoba;lorica;arma de fuego;1;20;3;2015;6
valle;cali (ct);arma de fuego;1;25;3;2015;4
valle;cali (ct);arma de fuego;1;26;3;2015;5
risaralda;dosquebradas;arma de fuego;1;30;3;2015;2
antioquia;penol;arma de fuego;1;1;4;2015;4
valle;cali (ct);arma de fuego;2;6;4;2015;2
risaralda;pereira (ct);arma de fuego;1;8;4;2015;4
antioquia;medellin (ct);arma de fuego;1;10;4;2015;6
risaralda;pereira (ct);arma de fuego;1;15;4;2015;4
bogota d.c. (ct);bogota d.c. (ct);arma de fuego;2;16;4;2015;5
atlantico;puerto colombia;arma de fuego;1;18;4;2015;7
bogota d.c. (ct);bogota d.c. (ct);arma de fuego;1;21;4;2015;3
bogota d.c. (ct);bogota d.c. (ct);arma de fuego;1;23;4;2015;5
cesar;chiriguana;arma de fuego;1;24;4;2015;6
guajira;riohacha (ct);arma de fuego;1;24;4;2015;6
atlantico;barranquilla (ct);arma de fuego;1;3;5;2015;1
bogota d.c. (ct);bogota d.c. (ct);arma de fuego;1;4;5;2015;2
meta;guamal;arma de fuego;1;6;5;2015;4
valle;cali (ct);arma de fuego;1;7;5;2015;5
antioquia;medellin (ct);arma de fuego;1;8;5;2015;6
amazonas;leticia (ct);arma de fuego;1;11;5;2015;2
valle;cali (ct);arma de fuego;1;19;5;2015;3
cesar;valledupar (ct);arma de fuego;1;22;5;2015;6
bogota d.c. (ct);bogota d.c. (ct);arma de fuego;1;25;5;2015;2
santander;barrancabermeja;arma de fuego;1;25;5;2015;2
bogota d.c. (ct);bogota d.c. (ct);arma de fuego;1;26;5;2015;3
meta;acacias;arma de fuego;1;28;5;2015;5
sucre;galeras;arma de fuego;1;2;6;2015;3
bogota d.c. (ct);bogota d.c. (ct);arma de fuego;3;4;6;2015;5
bogota d.c. (ct);bogota d.c. (ct);arma de fuego;1;24;6;2015;4
bogota d.c. (ct);bogota d.c. (ct);arma de fuego;1;25;6;2015;5
cordoba;cienaga de oro;arma de fuego;1;1;7;2015;4
bogota d.c. (ct);bogota d.c. (ct);arma de fuego;1;7;7;2015;3
antioquia;ciudad bolivar;contundentes;1;13;7;2015;2
bogota d.c. (ct);bogota d.c. (ct);arma de fuego;1;15;7;2015;4
valle;cali (ct);arma de fuego;1;22;7;2015;4
valle;jamundi;arma de fuego;1;24;7;2015;6
antioquia;medellin (ct);arma de fuego;1;30;7;2015;5
antioquia;medellin (ct);sin empleo de armas;1;3;8;2015;2
risaralda;dosquebradas;arma de fuego;1;4;8;2015;3
magdalena;cerro san antonio;contundentes;1;9;8;2015;1
bogota d.c. (ct);bogota d.c. (ct);arma de fuego;1;10;8;2015;2
antioquia;medellin (ct);arma de fuego;1;11;8;2015;3
cesar;aguachica;arma de fuego;1;18;8;2015;3
bogota d.c. (ct);bogota d.c. (ct);arma de fuego;1;18;8;2015;3
bogota d.c. (ct);bogota d.c. (ct);arma de fuego;1;25;8;2015;3
bogota d.c. (ct);bogota d.c. (ct);arma de fuego;1;26;8;2015;4
valle;cali (ct);arma de fuego;1;1;9;2015;3
bogota d.c. (ct);bogota d.c. (ct);arma de fuego;1;2;9;2015;4
risaralda;pereira (ct);arma de fuego;1;2;9;2015;4
antioquia;fredonia;arma de fuego;1;5;9;2015;7
guajira;riohacha (ct);arma de fuego;1;8;9;2015;3
antioquia;caldas;arma de fuego;1;12;9;2015;7
antioquia;la estrella;contundentes;1;13;9;2015;1
bogota d.c. (ct);bogota d.c. (ct);arma de fuego;1;16;9;2015;4
bogota d.c. (ct);bogota d.c. (ct);arma blanca / cortopunzante;1;17;9;2015;5
bogota d.c. (ct);bogota d.c. (ct);arma de fuego;1;18;9;2015;6
antioquia;caldas;arma de fuego;1;22;9;2015;3
meta;villavicencio (ct);arma de fuego;1;22;9;2015;3
bogota d.c. (ct);bogota d.c. (ct);arma de fuego;1;26;9;2015;7
valle;cali (ct);arma de fuego;1;30;9;2015;4
bogota d.c. (ct);bogota d.c. (ct);arma de fuego;2;6;10;2015;3
cundinamarca;fusagasuga;arma de fuego;1;9;10;2015;6
cundinamarca;soacha;arma de fuego;1;9;10;2015;6
antioquia;bello;arma de fuego;1;13;10;2015;3
magdalena;fundacion;arma de fuego;1;16;10;2015;6
risaralda;pereira (ct);arma de fuego;1;16;10;2015;6
antioquia;medellin (ct);arma de fuego;1;19;10;2015;2
bogota d.c. (ct);bogota d.c. (ct);arma de fuego;1;20;10;2015;3
bogota d.c. (ct);bogota d.c. (ct);arma de fuego;1;28;10;2015;4
bogota d.c. (ct);bogota d.c. (ct);arma de fuego;1;3;11;2015;3
valle;cali (ct);arma de fuego;1;4;11;2015;4
bogota d.c. (ct);bogota d.c. (ct);arma de fuego;1;11;11;2015;4
cesar;aguachica;arma de fuego;1;12;11;2015;5
antioquia;medellin (ct);arma de fuego;1;23;11;2015;2
bogota d.c. (ct);bogota d.c. (ct);arma de fuego;1;26;11;2015;5
magdalena;santa marta (ct);arma de fuego;1;27;11;2015;6
bolivar;cartagena (ct);sin empleo de armas;1;29;11;2015;1
antioquia;amalfi;contundentes;1;2;12;2015;4
cundinamarca;la calera;contundentes;1;3;12;2015;5
antioquia;medellin (ct);arma de fuego;1;11;12;2015;6
antioquia;santafe de antioquia;arma de fuego;1;11;12;2015;6
bogota d.c. (ct);bogota d.c. (ct);sin empleo de armas;1;11;12;2015;6
bogota d.c. (ct);bogota d.c. (ct);arma de fuego;1;16;12;2015;4
bogota d.c. (ct);bogota d.c. (ct);arma de fuego;1;22;12;2015;3
bogota d.c. (ct);bogota d.c. (ct);arma de fuego;1;23;12;2015;4
antioquia;la estrella;arma de fuego;1;24;12;2015;5
atlantico;malambo;arma de fuego;1;24;12;2015;5
cesar;valledupar (ct);sin empleo de armas;1;30;12;2015;4
risaralda;pereira (ct);arma de fuego;1;4;1;2016;2
cundinamarca;guatavita;artefacto explosivo/carga dinamita;1;4;1;2016;2
bogota d.c. (ct);bogota d.c. (ct);arma de fuego;1;5;1;2016;3
magdalena;santa marta (ct);arma de fuego;1;7;1;2016;5
bogota d.c. (ct);bogota d.c. (ct);arma de fuego;1;13;1;2016;4
bogota d.c. (ct);bogota d.c. (ct);arma de fuego;1;14;1;2016;5
cundinamarca;simijaca;artefacto explosivo/carga dinamita;1;15;1;2016;6
antioquia;bello;arma de fuego;1;20;1;2016;4
bogota d.c. (ct);bogota d.c. (ct);arma de fuego;1;20;1;2016;4
santander;bucaramanga (ct);arma de fuego;1;21;1;2016;5
norte de santander;convencion;arma de fuego;1;28;1;2016;5
bogota d.c. (ct);bogota d.c. (ct);sin empleo de armas;1;28;1;2016;5
bolivar;cartagena (ct);arma de fuego;1;30;1;2016;7
boyaca;tibana;contundentes;1;30;1;2016;7
magdalena;santa marta (ct);arma de fuego;1;1;2;2016;2
bogota d.c. (ct);bogota d.c. (ct);sin empleo de armas;1;1;2;2016;2
antioquia;medellin (ct);arma de fuego;1;4;2;2016;5
atlantico;soledad;arma de fuego;1;4;2;2016;5
bogota d.c. (ct);bogota d.c. (ct);arma de fuego;2;9;2;2016;3
antioquia;bello;arma de fuego;1;16;2;2016;3
magdalena;plato;arma de fuego;1;16;2;2016;3
bogota d.c. (ct);bogota d.c. (ct);sin empleo de armas;1;17;2;2016;4
guajira;riohacha (ct);contundentes;1;22;2;2016;2
atlantico;barranquilla (ct);arma de fuego;1;25;2;2016;5
cesar;agustin codazzi;arma de fuego;1;27;2;2016;7
atlantico;malambo;sin empleo de armas;1;4;3;2016;6
antioquia;bello;arma de fuego;1;9;3;2016;4
bogota d.c. (ct);bogota d.c. (ct);arma de fuego;1;9;3;2016;4
antioquia;medellin (ct);arma de fuego;1;10;3;2016;5
huila;neiva (ct);arma de fuego;1;10;3;2016;5
sucre;ovejas;arma de fuego;1;11;3;2016;6
antioquia;bello;arma de fuego;1;12;3;2016;7
bogota d.c. (ct);bogota d.c. (ct);arma de fuego;1;23;3;2016;4
norte de santander;cucuta (ct);arma de fuego;1;23;3;2016;4
antioquia;medellin (ct);punzantes;1;23;3;2016;4
bogota d.c. (ct);bogota d.c. (ct);arma de fuego;1;29;3;2016;3
santander;barrancabermeja;arma de fuego;1;5;4;2016;3
atlantico;soledad;arma de fuego;1;9;4;2016;7
antioquia;caucasia;sin empleo de armas;1;11;4;2016;2
antioquia;medellin (ct);arma de fuego;1;12;4;2016;3
antioquia;medellin (ct);arma de fuego;1;20;4;2016;4
atlantico;barranquilla (ct);arma de fuego;1;21;4;2016;5
antioquia;medellin (ct);arma de fuego;1;27;4;2016;4
bogota d.c. (ct);bogota d.c. (ct);arma de fuego;1;28;4;2016;5
cesar;agustin codazzi;arma de fuego;1;29;4;2016;6
bogota d.c. (ct);bogota d.c. (ct);arma de fuego;1;30;4;2016;7
bogota d.c. (ct);bogota d.c. (ct);arma de fuego;1;12;5;2016;5
norte de santander;cucuta (ct);arma de fuego;1;13;5;2016;6
magdalena;santa marta (ct);contundentes;1;19;5;2016;5
antioquia;santafe de antioquia;arma de fuego;1;20;5;2016;6
bolivar;cartagena (ct);arma de fuego;1;1;6;2016;4
atlantico;barranquilla (ct);arma de fuego;1;3;6;2016;6
antioquia;medellin (ct);arma de fuego;1;7;6;2016;3
atlantico;barranquilla (ct);arma de fuego;1;8;6;2016;4
atlantico;soledad;arma de fuego;1;16;6;2016;5
antioquia;bello;arma de fuego;1;17;6;2016;6
atlantico;barranquilla (ct);arma de fuego;1;21;6;2016;3
guajira;riohacha (ct);arma de fuego;1;22;6;2016;4
antioquia;medellin (ct);arma de fuego;1;27;6;2016;2
cordoba;puerto libertador;arma de fuego;1;28;6;2016;3
bogota d.c. (ct);bogota d.c. (ct);arma de fuego;1;28;6;2016;3
antioquia;medellin (ct);arma de fuego;1;5;7;2016;3
norte de santander;cucuta (ct);arma de fuego;1;5;7;2016;3
antioquia;medellin (ct);arma de fuego;1;7;7;2016;5
bogota d.c. (ct);bogota d.c. (ct);arma de fuego;1;7;7;2016;5
guajira;albania;arma de fuego;1;7;7;2016;5
atlantico;barranquilla (ct);arma de fuego;1;8;7;2016;6
bolivar;cartagena (ct);arma de fuego;1;12;7;2016;3
tolima;mariquita;arma de fuego;1;12;7;2016;3
bolivar;cartagena (ct);arma de fuego;1;14;7;2016;5
bogota d.c. (ct);bogota d.c. (ct);arma de fuego;1;14;7;2016;5
sucre;sincelejo (ct);arma de fuego;1;21;7;2016;5
antioquia;medellin (ct);arma de fuego;1;25;7;2016;2
bogota d.c. (ct);bogota d.c. (ct);arma de fuego;1;26;7;2016;3
antioquia;bello;arma de fuego;1;28;7;2016;5
santander;barrancabermeja;arma de fuego;2;30;7;2016;7
bogota d.c. (ct);bogota d.c. (ct);arma de fuego;1;4;8;2016;5
antioquia;caucasia;arma de fuego;1;5;8;2016;6
bogota d.c. (ct);bogota d.c. (ct);arma de fuego;1;5;8;2016;6
antioquia;medellin (ct);contundentes;1;8;8;2016;2
antioquia;envigado;arma de fuego;1;10;8;2016;4
bolivar;cartagena (ct);arma de fuego;1;10;8;2016;4
bogota d.c. (ct);bogota d.c. (ct);arma de fuego;1;10;8;2016;4
atlantico;barranquilla (ct);arma de fuego;1;11;8;2016;5
atlantico;sabanalarga;contundentes;1;13;8;2016;7
antioquia;medellin (ct);arma de fuego;1;18;8;2016;5
santander;bucaramanga (ct);arma de fuego;1;18;8;2016;5
atlantico;barranquilla (ct);arma de fuego;1;19;8;2016;6
cesar;la jagua de ibirico;arma de fuego;1;23;8;2016;3
atlantico;barranquilla (ct);arma de fuego;1;24;8;2016;4
atlantico;barranquilla (ct);arma de fuego;1;26;8;2016;6
boyaca;puerto boyaca;arma de fuego;1;3;9;2016;7
tolima;planadas;arma de fuego;1;6;9;2016;3
meta;acacias;arma de fuego;1;7;9;2016;4
putumayo;villagarzon;arma de fuego;1;9;9;2016;6
antioquia;caldas;arma de fuego;1;16;9;2016;6
santander;bucaramanga (ct);arma de fuego;1;21;9;2016;4
antioquia;caucasia;arma de fuego;1;22;9;2016;5
risaralda;pereira (ct);arma de fuego;1;26;9;2016;2
bogota d.c. (ct);bogota d.c. (ct);arma de fuego;1;27;9;2016;3
magdalena;plato;arma de fuego;1;3;10;2016;2
bolivar;cartagena (ct);arma de fuego;1;4;10;2016;3
cundinamarca;girardot;arma de fuego;1;11;10;2016;3
antioquia;envigado;arma de fuego;1;13;10;2016;5
bogota d.c. (ct);bogota d.c. (ct);arma de fuego;1;18;10;2016;3
casanare;yopal (ct);arma de fuego;1;27;10;2016;5
valle;cali (ct);arma de fuego;1;27;10;2016;5
antioquia;envigado;arma de fuego;1;1;11;2016;3
antioquia;rionegro;arma de fuego;1;11;11;2016;6
tolima;ibague (ct);arma de fuego;1;15;11;2016;3
bogota d.c. (ct);bogota d.c. (ct);arma de fuego;1;17;11;2016;5
cesar;aguachica;arma de fuego;1;18;11;2016;6
antioquia;medellin (ct);arma de fuego;1;21;11;2016;2
antioquia;medellin (ct);arma de fuego;1;24;11;2016;5
antioquia;medellin (ct);arma de fuego;1;25;11;2016;6
santander;bucaramanga (ct);arma de fuego;1;25;11;2016;6
atlantico;barranquilla (ct);arma de fuego;1;27;11;2016;1
bogota d.c. (ct);bogota d.c. (ct);arma de fuego;1;1;12;2016;5
antioquia;san jeronimo;arma de fuego;1;3;12;2016;7
caldas;manizales (ct);arma de fuego;1;6;12;2016;3
risaralda;santa rosa de cabal;arma de fuego;1;7;12;2016;4
norte de santander;cucuta (ct);arma de fuego;1;13;12;2016;3
antioquia;medellin (ct);arma de fuego;1;14;12;2016;4
bogota d.c. (ct);bogota d.c. (ct);arma de fuego;1;14;12;2016;4
bogota d.c. (ct);bogota d.c. (ct);arma de fuego;1;21;12;2016;4
bogota d.c. (ct);bogota d.c. (ct);sin empleo de armas;1;29;12;2016;5
antioquia;santa rosa de osos;arma de fuego;1;5;1;2017;5
tolima;mariquita;llave maestra;1;9;1;2017;2
antioquia;medellin (ct);arma de fuego;1;11;1;2017;4
antioquia;la union;arma de fuego;1;18;1;2017;4
cordoba;sahagun;arma de fuego;1;18;1;2017;4
valle;cali (ct);arma de fuego;1;18;1;2017;4
bogota d.c. (ct);bogota d.c. (ct);arma de fuego;1;19;1;2017;5
antioquia;medellin (ct);arma de fuego;1;20;1;2017;6
bogota d.c. (ct);bogota d.c. (ct);arma de fuego;1;24;1;2017;3
bogota d.c. (ct);bogota d.c. (ct);arma de fuego;1;25;1;2017;4
bogota d.c. (ct);bogota d.c. (ct);arma de fuego;1;27;1;2017;6
antioquia;sonson;arma de fuego;1;28;1;2017;7
santander;bucaramanga (ct);arma de fuego;1;1;2;2017;4
norte de santander;cucuta (ct);arma de fuego;1;2;2;2017;5
cauca;popayan (ct);arma de fuego;1;3;2;2017;6
bogota d.c. (ct);bogota d.c. (ct);arma de fuego;1;9;2;2017;5
bogota d.c. (ct);bogota d.c. (ct);arma blanca / cortopunzante;1;10;2;2017;6
valle;zarzal;sin empleo de armas;1;10;2;2017;6
quindio;armenia (ct);arma de fuego;1;14;2;2017;3
valle;cali (ct);sin empleo de armas;1;14;2;2017;3
tolima;ibague (ct);arma de fuego;1;20;2;2017;2
magdalena;santa marta (ct);contundentes;1;20;2;2017;2
santander;barrancabermeja;arma de fuego;2;28;2;2017;3
sucre;sincelejo (ct);arma de fuego;1;2;3;2017;5
bolivar;turbaco;arma de fuego;1;3;3;2017;6
norte de santander;convencion;arma de fuego;1;3;3;2017;6
cundinamarca;chia;contundentes;1;5;3;2017;1
antioquia;medellin (ct);arma de fuego;1;8;3;2017;4
bolivar;arjona;arma de fuego;1;10;3;2017;6
cesar;aguachica;arma de fuego;1;14;3;2017;3
atlantico;soledad;arma de fuego;1;21;3;2017;3
sucre;santiago de tolu;arma de fuego;1;23;3;2017;5
antioquia;medellin (ct);arma de fuego;1;27;3;2017;2
santander;barrancabermeja;arma de fuego;1;30;3;2017;5
valle;cali (ct);arma de fuego;1;4;4;2017;3
atlantico;barranquilla (ct);arma de fuego;1;6;4;2017;5
antioquia;medellin (ct);arma de fuego;1;10;4;2017;2
sucre;sampues;arma de fuego;1;22;4;2017;7
bogota d.c. (ct);bogota d.c. (ct);arma de fuego;1;25;4;2017;3
bogota d.c. (ct);bogota d.c. (ct);arma de fuego;1;27;4;2017;5
santander;bucaramanga (ct);arma de fuego;1;27;4;2017;5
valle;cali (ct);arma de fuego;1;28;4;2017;6
guajira;riohacha (ct);arma de fuego;1;8;5;2017;2
norte de santander;cucuta (ct);arma de fuego;1;10;5;2017;4
atlantico;galapa;arma de fuego;1;11;5;2017;5
magdalena;cienaga;arma de fuego;1;11;5;2017;5
bogota d.c. (ct);bogota d.c. (ct);arma de fuego;1;19;5;2017;6
tolima;ibague (ct);arma de fuego;1;1;6;2017;5
antioquia;medellin (ct);arma de fuego;1;5;6;2017;2
santander;bucaramanga (ct);arma de fuego;1;13;6;2017;3
bolivar;cartagena (ct);arma de fuego;1;16;6;2017;6
antioquia;itagui;arma de fuego;1;17;6;2017;7
bogota d.c. (ct);bogota d.c. (ct);arma de fuego;1;23;6;2017;6
cundinamarca;girardot;arma de fuego;1;23;6;2017;6
boyaca;puerto boyaca;arma de fuego;1;26;6;2017;2
cordoba;lorica;arma de fuego;3;12;7;2017;4
tolima;ibague (ct);arma de fuego;1;13;7;2017;5
antioquia;medellin (ct);sin empleo de armas;1;13;7;2017;5
cordoba;monteria (ct);arma de fuego;1;14;7;2017;6
magdalena;santa marta (ct);contundentes;1;14;7;2017;6
bogota d.c. (ct);bogota d.c. (ct);arma de fuego;1;17;7;2017;2
sucre;morroa;contundentes;1;19;7;2017;4
cundinamarca;ricaurte;arma de fuego;1;21;7;2017;6
cesar;valledupar (ct);contundentes;1;21;7;2017;6
cundinamarca;girardot;arma de fuego;1;26;7;2017;4
cordoba;chinu;arma de fuego;1;28;7;2017;6
sucre;caimito;arma de fuego;1;28;7;2017;6
bogota d.c. (ct);bogota d.c. (ct);arma de fuego;1;2;8;2017;4
bogota d.c. (ct);bogota d.c. (ct);arma de fuego;1;8;8;2017;3
cauca;caloto;arma de fuego;1;10;8;2017;5
bolivar;turbaco;arma de fuego;1;16;8;2017;4
cundinamarca;soacha;arma de fuego;1;16;8;2017;4
atlantico;repelon;arma de fuego;1;22;8;2017;3
cesar;valledupar (ct);arma de fuego;1;23;8;2017;4
bolivar;cartagena (ct);arma de fuego;1;24;8;2017;5
tolima;ibague (ct);arma de fuego;1;24;8;2017;5
antioquia;medellin (ct);arma de fuego;1;25;8;2017;6
bogota d.c. (ct);bogota d.c. (ct);arma de fuego;1;25;8;2017;6
bogota d.c. (ct);bogota d.c. (ct);arma de fuego;1;29;8;2017;3
atlantico;galapa;arma de fuego;1;30;8;2017;4
guajira;riohacha (ct);sin empleo de armas;1;31;8;2017;5
bogota d.c. (ct);bogota d.c. (ct);arma de fuego;1;1;9;2017;6
valle;cali (ct);contundentes;1;1;9;2017;6
bogota d.c. (ct);bogota d.c. (ct);arma de fuego;1;5;9;2017;3
bogota d.c. (ct);bogota d.c. (ct);arma de fuego;1;6;9;2017;4
atlantico;barranquilla (ct);arma de fuego;1;7;9;2017;5
cordoba;lorica;arma de fuego;1;8;9;2017;6
bogota d.c. (ct);bogota d.c. (ct);arma de fuego;1;8;9;2017;6
norte de santander;cucuta (ct);arma de fuego;1;8;9;2017;6
atlantico;soledad;arma de fuego;1;13;9;2017;4
atlantico;puerto colombia;arma de fuego;1;14;9;2017;5
bogota d.c. (ct);bogota d.c. (ct);arma de fuego;1;14;9;2017;5
santander;floridablanca;arma de fuego;1;14;9;2017;5
bogota d.c. (ct);bogota d.c. (ct);arma de fuego;1;15;9;2017;6
cundinamarca;soacha;arma de fuego;1;15;9;2017;6
bogota d.c. (ct);bogota d.c. (ct);arma de fuego;1;18;9;2017;2
bogota d.c. (ct);bogota d.c. (ct);arma de fuego;1;19;9;2017;3
santander;bucaramanga (ct);arma de fuego;1;20;9;2017;4
atlantico;barranquilla (ct);arma de fuego;1;21;9;2017;5
bogota d.c. (ct);bogota d.c. (ct);arma de fuego;2;21;9;2017;5
bogota d.c. (ct);bogota d.c. (ct);arma de fuego;1;22;9;2017;6
cundinamarca;soacha;arma de fuego;1;25;9;2017;2
bogota d.c. (ct);bogota d.c. (ct);arma de fuego;1;26;9;2017;3
atlantico;barranquilla (ct);arma de fuego;1;27;9;2017;4
cordoba;monteria (ct);arma de fuego;1;27;9;2017;4
guajira;riohacha (ct);sin empleo de armas;1;27;9;2017;4
bogota d.c. (ct);bogota d.c. (ct);arma de fuego;1;28;9;2017;5
guajira;fonseca;arma de fuego;1;28;9;2017;5
sucre;san marcos;arma de fuego;1;29;9;2017;6
santander;bucaramanga (ct);sin empleo de armas;1;29;9;2017;6
atlantico;barranquilla (ct);arma de fuego;1;30;9;2017;7
bolivar;cartagena (ct);arma de fuego;2;4;10;2017;4
cesar;aguachica;arma de fuego;1;4;10;2017;4
bogota d.c. (ct);bogota d.c. (ct);arma de fuego;1;5;10;2017;5
cundinamarca;la mesa;arma de fuego;1;5;10;2017;5
bogota d.c. (ct);bogota d.c. (ct);arma de fuego;1;6;10;2017;6
bogota d.c. (ct);bogota d.c. (ct);arma de fuego;2;10;10;2017;3
bogota d.c. (ct);bogota d.c. (ct);arma de fuego;1;11;10;2017;4
antioquia;medellin (ct);sin empleo de armas;1;11;10;2017;4
bogota d.c. (ct);bogota d.c. (ct);arma de fuego;1;13;10;2017;6
bolivar;arjona;arma de fuego;1;17;10;2017;3
bogota d.c. (ct);bogota d.c. (ct);arma de fuego;1;19;10;2017;5
santander;piedecuesta;arma de fuego;1;19;10;2017;5
caldas;manizales (ct);contundentes;1;23;10;2017;2
bolivar;san juan nepomuceno;contundentes;1;24;10;2017;3
antioquia;la union;arma de fuego;1;25;10;2017;4
tolima;ibague (ct);arma de fuego;1;26;10;2017;5
santander;barrancabermeja;arma de fuego;1;27;10;2017;6
valle;cali (ct);sin empleo de armas;1;27;10;2017;6
atlantico;barranquilla (ct);arma de fuego;1;2;11;2017;5
atlantico;barranquilla (ct);arma blanca / cortopunzante;1;3;11;2017;6
bogota d.c. (ct);bogota d.c. (ct);llave maestra;1;5;11;2017;1
atlantico;puerto colombia;arma blanca / cortopunzante;1;8;11;2017;4
cesar;valledupar (ct);arma de fuego;1;13;11;2017;2
magdalena;santa marta (ct);contundentes;1;13;11;2017;2
norte de santander;durania;arma de fuego;1;16;11;2017;5
bolivar;cartagena (ct);arma de fuego;2;17;11;2017;6
bogota d.c. (ct);bogota d.c. (ct);arma de fuego;1;17;11;2017;6
antioquia;medellin (ct);arma de fuego;1;21;11;2017;3
bogota d.c. (ct);bogota d.c. (ct);arma de fuego;1;22;11;2017;4
tolima;honda;arma de fuego;1;22;11;2017;4
bogota d.c. (ct);bogota d.c. (ct);arma de fuego;1;28;11;2017;3
bogota d.c. (ct);bogota d.c. (ct);arma de fuego;1;1;12;2017;6
atlantico;barranquilla (ct);arma de fuego;1;2;12;2017;7
cauca;santander de quilichao;sin empleo de armas;1;2;12;2017;7
bogota d.c. (ct);bogota d.c. (ct);arma de fuego;1;7;12;2017;5
norte de santander;cucuta (ct);arma de fuego;1;7;12;2017;5
bogota d.c. (ct);bogota d.c. (ct);arma de fuego;1;15;12;2017;6
bogota d.c. (ct);bogota d.c. (ct);arma de fuego;2;19;12;2017;3
bogota d.c. (ct);bogota d.c. (ct);arma blanca / cortopunzante;1;21;12;2017;5
bogota d.c. (ct);bogota d.c. (ct);arma de fuego;1;22;12;2017;6
bolivar;cartagena (ct);arma de fuego;1;23;12;2017;7
valle;cali (ct);arma de fuego;1;26;12;2017;3
cesar;la paz;arma blanca / cortopunzante;1;28;12;2017;5
antioquia;medellin (ct);arma de fuego;1;28;12;2017;5
bogota d.c. (ct);bogota d.c. (ct);arma de fuego;1;3;1;2018;4
bogota d.c. (ct);bogota d.c. (ct);arma de fuego;1;10;1;2018;4
bogota d.c. (ct);bogota d.c. (ct);arma de fuego;1;11;1;2018;5
cundinamarca;soacha;palancas;1;13;1;2018;7
bogota d.c. (ct);bogota d.c. (ct);arma de fuego;1;18;1;2018;5
cordoba;san pelayo;arma de fuego;1;19;1;2018;6
bogota d.c. (ct);bogota d.c. (ct);arma de fuego;1;19;1;2018;6
cundinamarca;girardot;arma de fuego;1;19;1;2018;6
atlantico;sabanagrande;contundentes;1;20;1;2018;7
antioquia;medellin (ct);arma de fuego;1;24;1;2018;4
antioquia;medellin (ct);arma de fuego;1;25;1;2018;5
bogota d.c. (ct);bogota d.c. (ct);arma de fuego;1;25;1;2018;5
tolima;mariquita;arma de fuego;1;25;1;2018;5
santander;barrancabermeja;arma de fuego;1;1;2;2018;5
antioquia;la estrella;contundentes;1;1;2;2018;5
bogota d.c. (ct);bogota d.c. (ct);arma de fuego;1;2;2;2018;6
cundinamarca;chia;arma de fuego;1;2;2;2018;6
antioquia;el carmen de viboral;contundentes;1;4;2;2018;1
bogota d.c. (ct);bogota d.c. (ct);arma de fuego;1;5;2;2018;2
sucre;los palmitos;arma de fuego;1;6;2;2018;3
bogota d.c. (ct);bogota d.c. (ct);arma de fuego;1;7;2;2018;4
norte de santander;cucuta (ct);arma de fuego;1;7;2;2018;4
huila;neiva (ct);arma de fuego;1;8;2;2018;5
valle;cali (ct);palancas;1;9;2;2018;6
cordoba;monteria (ct);arma de fuego;1;12;2;2018;2
bogota d.c. (ct);bogota d.c. (ct);arma de fuego;1;14;2;2018;4
antioquia;medellin (ct);arma de fuego;1;16;2;2018;6
bogota d.c. (ct);bogota d.c. (ct);arma de fuego;2;16;2;2018;6
bogota d.c. (ct);bogota d.c. (ct);arma de fuego;1;17;2;2018;7
antioquia;medellin (ct);contundentes;1;19;2;2018;2
bogota d.c. (ct);bogota d.c. (ct);arma de fuego;1;20;2;2018;3
bogota d.c. (ct);bogota d.c. (ct);arma de fuego;1;22;2;2018;5
risaralda;pereira (ct);arma blanca / cortopunzante;1;23;2;2018;6
atlantico;barranquilla (ct);arma de fuego;1;23;2;2018;6
guajira;barrancas;arma de fuego;1;23;2;2018;6
bogota d.c. (ct);bogota d.c. (ct);sin empleo de armas;1;23;2;2018;6
antioquia;itagui;contundentes;1;26;2;2018;2
cauca;popayan (ct);contundentes;1;26;2;2018;2
bogota d.c. (ct);bogota d.c. (ct);sin empleo de armas;1;27;2;2018;3
norte de santander;convencion;arma blanca / cortopunzante;1;1;3;2018;5
bogota d.c. (ct);bogota d.c. (ct);arma de fuego;1;1;3;2018;5
cundinamarca;girardot;arma de fuego;1;2;3;2018;6
atlantico;barranquilla (ct);arma de fuego;1;6;3;2018;3
quindio;armenia (ct);arma de fuego;1;8;3;2018;5
antioquia;medellin (ct);sin empleo de armas;1;9;3;2018;6
antioquia;medellin (ct);arma de fuego;1;13;3;2018;3
santander;barrancabermeja;arma de fuego;1;16;3;2018;6
valle;cali (ct);sin empleo de armas;1;16;3;2018;6
valle;cali (ct);arma de fuego;1;21;3;2018;4
santander;barrancabermeja;arma de fuego;1;23;3;2018;6
santander;floridablanca;arma de fuego;1;28;3;2018;4
bogota d.c. (ct);bogota d.c. (ct);contundentes;1;28;3;2018;4
antioquia;medellin (ct);llave maestra;1;28;3;2018;4
bogota d.c. (ct);bogota d.c. (ct);arma de fuego;1;3;4;2018;3
atlantico;barranquilla (ct);arma de fuego;1;6;4;2018;6
santander;giron;arma de fuego;1;7;4;2018;7
bogota d.c. (ct);bogota d.c. (ct);palancas;1;9;4;2018;2
antioquia;medellin (ct);arma de fuego;1;13;4;2018;6
santander;barrancabermeja;arma de fuego;1;18;4;2018;4
antioquia;bello;arma de fuego;1;21;4;2018;7
santander;puerto wilches;arma de fuego;1;23;4;2018;2
valle;cali (ct);arma blanca / cortopunzante;1;25;4;2018;4
cordoba;san antero;arma de fuego;1;25;4;2018;4
boyaca;tunja (ct);arma de fuego;1;26;4;2018;5
bogota d.c. (ct);bogota d.c. (ct);arma de fuego;1;26;4;2018;5
cundinamarca;chia;contundentes;1;27;4;2018;6
valle;cartago;contundentes;1;30;4;2018;2
bogota d.c. (ct);bogota d.c. (ct);palancas;1;2;5;2018;4
bogota d.c. (ct);bogota d.c. (ct);arma de fuego;1;3;5;2018;5
antioquia;medellin (ct);llave maestra;1;5;5;2018;7
cundinamarca;ricaurte;arma de fuego;1;9;5;2018;4
atlantico;barranquilla (ct);arma de fuego;1;11;5;2018;6
risaralda;pereira (ct);arma de fuego;1;15;5;2018;3
atlantico;barranquilla (ct);arma de fuego;1;17;5;2018;5
cundinamarca;soacha;arma de fuego;1;17;5;2018;5
antioquia;medellin (ct);llave maestra;1;19;5;2018;7
cordoba;lorica;arma de fuego;1;22;5;2018;3
antioquia;medellin (ct);arma de fuego;1;30;5;2018;4
valle;cali (ct);sin empleo de armas;1;31;5;2018;5
cesar;valledupar (ct);arma de fuego;1;1;6;2018;6
norte de santander;cucuta (ct);arma de fuego;1;6;6;2018;4
bogota d.c. (ct);bogota d.c. (ct);contundentes;1;9;6;2018;7
bogota d.c. (ct);bogota d.c. (ct);contundentes;1;12;6;2018;3
atlantico;barranquilla (ct);arma de fuego;1;15;6;2018;6
cordoba;planeta rica;arma de fuego;1;15;6;2018;6
valle;cali (ct);arma de fuego;1;15;6;2018;6
bogota d.c. (ct);bogota d.c. (ct);no reporta;1;15;6;2018;6
bogota d.c. (ct);bogota d.c. (ct);arma de fuego;1;19;6;2018;3
bolivar;san pablo;arma de fuego;1;21;6;2018;5
bogota d.c. (ct);bogota d.c. (ct);sin empleo de armas;1;26;6;2018;3
norte de santander;teorama;arma de fuego;1;27;6;2018;4
bogota d.c. (ct);bogota d.c. (ct);contundentes;1;27;6;2018;4
bogota d.c. (ct);bogota d.c. (ct);arma de fuego;1;29;6;2018;6
antioquia;envigado;arma de fuego;1;3;7;2018;3
putumayo;puerto asis;contundentes;1;8;7;2018;1
antioquia;guatape;contundentes;1;10;7;2018;3
cordoba;los cordobas;arma de fuego;1;13;7;2018;6
bogota d.c. (ct);bogota d.c. (ct);arma de fuego;1;16;7;2018;2
bogota d.c. (ct);bogota d.c. (ct);sin empleo de armas;1;16;7;2018;2
antioquia;san jeronimo;arma de fuego;1;18;7;2018;4
huila;neiva (ct);arma de fuego;1;19;7;2018;5
bolivar;cartagena (ct);palancas;1;19;7;2018;5
bogota d.c. (ct);bogota d.c. (ct);no reporta;1;20;7;2018;6
risaralda;belen de umbria;sin empleo de armas;1;23;7;2018;2
bogota d.c. (ct);bogota d.c. (ct);arma de fuego;1;25;7;2018;4
antioquia;ciudad bolivar;arma de fuego;1;27;7;2018;6
bogota d.c. (ct);bogota d.c. (ct);arma blanca / cortopunzante;1;31;7;2018;3
meta;villavicencio (ct);arma de fuego;1;31;7;2018;3
antioquia;medellin (ct);arma de fuego;1;2;8;2018;5
atlantico;barranquilla (ct);arma de fuego;1;3;8;2018;6
antioquia;medellin (ct);arma blanca / cortopunzante;1;8;8;2018;4
atlantico;soledad;arma de fuego;1;10;8;2018;6
antioquia;medellin (ct);arma de fuego;1;14;8;2018;3
atlantico;barranquilla (ct);arma de fuego;1;16;8;2018;5
risaralda;santa rosa de cabal;arma de fuego;1;16;8;2018;5
bogota d.c. (ct);bogota d.c. (ct);sin empleo de armas;1;22;8;2018;4
atlantico;barranquilla (ct);arma de fuego;1;29;8;2018;4
antioquia;medellin (ct);arma de fuego;1;30;8;2018;5
choco;istmina;contundentes;1;1;9;2018;7
sucre;los palmitos;sin empleo de armas;1;3;9;2018;2
tolima;ibague (ct);arma de fuego;1;6;9;2018;5
bogota d.c. (ct);bogota d.c. (ct);sin empleo de armas;1;10;9;2018;2
bogota d.c. (ct);bogota d.c. (ct);no reporta;1;11;9;2018;3
atlantico;soledad;arma de fuego;1;13;9;2018;5
cordoba;planeta rica;arma de fuego;1;14;9;2018;6
bogota d.c. (ct);bogota d.c. (ct);llave maestra;1;15;9;2018;7
antioquia;medellin (ct);arma de fuego;1;27;9;2018;5
bogota d.c. (ct);bogota d.c. (ct);arma blanca / cortopunzante;1;28;9;2018;6
magdalena;sitionuevo;contundentes;1;28;9;2018;6
sucre;san luis de since;sin empleo de armas;1;28;9;2018;6
sucre;sincelejo (ct);sin empleo de armas;1;28;9;2018;6
huila;neiva (ct);arma de fuego;1;3;10;2018;4
valle;cali (ct);arma de fuego;1;3;10;2018;4
bogota d.c. (ct);bogota d.c. (ct);sin empleo de armas;1;3;10;2018;4
antioquia;medellin (ct);sin empleo de armas;1;4;10;2018;5
cesar;aguachica;arma de fuego;1;5;10;2018;6
cordoba;monteria (ct);sin empleo de armas;1;5;10;2018;6
bogota d.c. (ct);bogota d.c. (ct);arma de fuego;1;6;10;2018;7
cordoba;cerete;sin empleo de armas;1;8;10;2018;2
atlantico;barranquilla (ct);arma de fuego;1;10;10;2018;4
bogota d.c. (ct);bogota d.c. (ct);no reporta;1;10;10;2018;4
cundinamarca;tocancipa;no reporta;1;11;10;2018;5
norte de santander;cucuta (ct);no reporta;1;13;10;2018;7
antioquia;medellin (ct);arma de fuego;1;18;10;2018;5
valle;cali (ct);arma de fuego;1;18;10;2018;5
atlantico;barranquilla (ct);sin empleo de armas;1;19;10;2018;6
atlantico;barranquilla (ct);arma de fuego;1;22;10;2018;2
bogota d.c. (ct);bogota d.c. (ct);arma de fuego;1;24;10;2018;4
cesar;la paz;arma de fuego;1;25;10;2018;5
bogota d.c. (ct);bogota d.c. (ct);no reporta;1;25;10;2018;5
antioquia;medellin (ct);arma de fuego;1;26;10;2018;6
atlantico;barranquilla (ct);arma de fuego;1;1;11;2018;5
atlantico;barranquilla (ct);no reporta;1;1;11;2018;5
bogota d.c. (ct);bogota d.c. (ct);sin empleo de armas;1;6;11;2018;3
atlantico;candelaria;arma de fuego;1;13;11;2018;3
atlantico;barranquilla (ct);arma de fuego;1;15;11;2018;5
antioquia;medellin (ct);sin empleo de armas;1;16;11;2018;6
bogota d.c. (ct);bogota d.c. (ct);no reporta;1;19;11;2018;2
bogota d.c. (ct);bogota d.c. (ct);arma de fuego;1;20;11;2018;3
antioquia;envigado;arma de fuego;1;21;11;2018;4
antioquia;medellin (ct);sin empleo de armas;1;26;11;2018;2
meta;villavicencio (ct);sin empleo de armas;1;26;11;2018;2
norte de santander;cucuta (ct);no reporta;1;28;11;2018;4
cordoba;momil;sin empleo de armas;1;28;11;2018;4
guajira;san juan del cesar;arma de fuego;1;29;11;2018;5
atlantico;soledad;arma de fuego;1;30;11;2018;6
bogota d.c. (ct);bogota d.c. (ct);palancas;1;30;11;2018;6
narino;ipiales;sin empleo de armas;1;30;11;2018;6
huila;isnos;arma blanca / cortopunzante;1;3;12;2018;2
bogota d.c. (ct);bogota d.c. (ct);arma de fuego;1;4;12;2018;3
sucre;sampues;arma de fuego;1;4;12;2018;3
norte de santander;cucuta (ct);sin empleo de armas;1;6;12;2018;5
valle;cali (ct);arma de fuego;1;7;12;2018;6
bogota d.c. (ct);bogota d.c. (ct);no reporta;1;7;12;2018;6
bolivar;cartagena (ct);arma de fuego;1;10;12;2018;2
bogota d.c. (ct);bogota d.c. (ct);sin empleo de armas;1;10;12;2018;2
huila;neiva (ct);sin empleo de armas;1;11;12;2018;3
antioquia;medellin (ct);arma de fuego;1;12;12;2018;4
guaviare;san jose del guaviare (ct);arma de fuego;1;13;12;2018;5
bogota d.c. (ct);bogota d.c. (ct);arma de fuego;1;14;12;2018;6
huila;neiva (ct);arma de fuego;1;18;12;2018;3
cundinamarca;la mesa;contundentes;1;18;12;2018;3
huila;neiva (ct);arma blanca / cortopunzante;1;20;12;2018;5
antioquia;puerto berrio;contundentes;1;20;12;2018;5
bogota d.c. (ct);bogota d.c. (ct);no reporta;1;20;12;2018;5
valle;cali (ct);arma de fuego;1;21;12;2018;6
bolivar;cartagena (ct);palancas;1;23;12;2018;1
valle;cali (ct);sin empleo de armas;1;26;12;2018;4
valle;cali (ct);sin empleo de armas;1;27;12;2018;5
antioquia;girardota;arma de fuego;1;29;12;2018;7
bolivar;cartagena (ct);sin empleo de armas;1;29;12;2018;7
valle;cali (ct);arma de fuego;1;26;2;2019;3
atlantico;barranquilla (ct);arma de fuego;1;8;11;2019;6
sucre;covenas;contundentes;1;30;11;2019;7
santander;barrancabermeja;sin empleo de armas;1;15;4;2019;2
bogota d.c. (ct);bogota d.c. (ct);arma de fuego;1;23;12;2019;2
caldas;manizales (ct);arma de fuego;1;14;2;2019;5
bogota d.c. (ct);bogota d.c. (ct);arma de fuego;1;7;6;2019;6
bolivar;san juan nepomuceno;arma de fuego;1;26;9;2019;5
boyaca;tunja (ct);sin empleo de armas;1;13;8;2019;3
bogota d.c. (ct);bogota d.c. (ct);arma de fuego;1;30;12;2019;2
valle;yumbo;sin empleo de armas;1;14;11;2019;5
antioquia;medellin (ct);contundentes;1;10;3;2019;1
bogota d.c. (ct);bogota d.c. (ct);sin empleo de armas;1;18;6;2019;3
bogota d.c. (ct);bogota d.c. (ct);arma de fuego;1;10;9;2019;3
bogota d.c. (ct);bogota d.c. (ct);arma de fuego;1;5;1;2019;7
antioquia;medellin (ct);contundentes;1;14;1;2019;2
valle;cali (ct);contundentes;1;28;3;2019;5
cauca;caldono;sin empleo de armas;2;26;12;2019;5
santander;bucaramanga (ct);sin empleo de armas;1;23;10;2019;4
valle;cali (ct);sin empleo de armas;1;27;12;2019;6
narino;san andres de tumaco;sin empleo de armas;1;9;12;2019;2
cordoba;cerete;arma de fuego;1;24;4;2019;4
meta;uribe;arma de fuego;1;11;6;2019;3
sucre;sincelejo (ct);contundentes;1;6;8;2019;3
atlantico;candelaria;contundentes;1;28;8;2019;4
tolima;ibague (ct);palancas;1;28;8;2019;4
sucre;san luis de since;arma de fuego;1;3;9;2019;3
huila;pitalito;arma de fuego;1;9;9;2019;2
atlantico;soledad;no reporta;1;18;9;2019;4
guajira;fonseca;arma de fuego;1;2;10;2019;4
sucre;sincelejo (ct);arma de fuego;1;16;11;2019;7
guajira;albania;sin empleo de armas;1;22;11;2019;6
magdalena;cienaga;arma de fuego;1;26;11;2019;3
cauca;popayan (ct);arma de fuego;1;30;11;2019;7
atlantico;barranquilla (ct);no reporta;1;4;10;2019;6
bogota d.c. (ct);bogota d.c. (ct);arma de fuego;1;1;11;2019;6
bogota d.c. (ct);bogota d.c. (ct);palancas;1;20;1;2019;1
bogota d.c. (ct);bogota d.c. (ct);contundentes;1;4;10;2019;6
bogota d.c. (ct);bogota d.c. (ct);sin empleo de armas;1;5;11;2019;3
bogota d.c. (ct);bogota d.c. (ct);arma de fuego;1;26;12;2019;5
bogota d.c. (ct);bogota d.c. (ct);arma de fuego;1;6;3;2019;4
atlantico;barranquilla (ct);arma de fuego;1;25;10;2019;6
atlantico;barranquilla (ct);arma de fuego;1;25;10;2019;6
bogota d.c. (ct);bogota d.c. (ct);sin empleo de armas;1;24;12;2019;3
bogota d.c. (ct);bogota d.c. (ct);arma de fuego;1;6;12;2019;6
antioquia;salgar;sin empleo de armas;1;15;1;2019;3
cesar;manaure;arma de fuego;1;28;3;2019;5
guajira;albania;arma de fuego;1;13;9;2019;6
cauca;caloto;sin empleo de armas;1;1;11;2019;6
cordoba;sahagun;arma de fuego;1;5;11;2019;3
bolivar;cartagena (ct);palancas;1;20;3;2019;4
guajira;albania;contundentes;1;18;11;2019;2
risaralda;dosquebradas;sin empleo de armas;1;17;5;2019;6
bogota d.c. (ct);bogota d.c. (ct);arma de fuego;1;28;10;2019;2
bogota d.c. (ct);bogota d.c. (ct);llave maestra;1;6;8;2019;3
valle;cali (ct);sin empleo de armas;1;13;11;2019;4
cundinamarca;guacheta;contundentes;1;16;1;2019;4
valle;cali (ct);arma de fuego;1;1;8;2019;5
bogota d.c. (ct);bogota d.c. (ct);contundentes;1;15;2;2019;6
bogota d.c. (ct);bogota d.c. (ct);palancas;1;25;1;2019;6
bogota d.c. (ct);bogota d.c. (ct);arma de fuego;1;30;8;2019;6
bogota d.c. (ct);bogota d.c. (ct);arma de fuego;1;13;12;2019;6
antioquia;medellin (ct);contundentes;1;22;5;2019;4
antioquia;sabaneta;arma de fuego;1;15;11;2019;6
valle;jamundi;contundentes;1;24;4;2019;4
bogota d.c. (ct);bogota d.c. (ct);contundentes;1;1;11;2019;6
cordoba;monteria (ct);arma de fuego;1;11;2;2019;2
bogota d.c. (ct);bogota d.c. (ct);sin empleo de armas;1;30;12;2019;2
bogota d.c. (ct);bogota d.c. (ct);sin empleo de armas;1;15;4;2019;2
bogota d.c. (ct);bogota d.c. (ct);arma de fuego;1;9;8;2019;6
narino;san andres de tumaco;arma de fuego;1;2;5;2019;5
bogota d.c. (ct);bogota d.c. (ct);arma de fuego;1;11;4;2019;5
valle;cali (ct);arma de fuego;1;8;10;2019;3
valle;cali (ct);arma de fuego;1;19;11;2019;3
antioquia;mutata;contundentes;1;4;11;2019;2
atlantico;manati;contundentes;1;30;4;2019;3
bogota d.c. (ct);bogota d.c. (ct);arma de fuego;1;2;8;2019;6
bogota d.c. (ct);bogota d.c. (ct);arma de fuego;1;21;6;2019;6
sucre;sincelejo (ct);arma de fuego;1;16;10;2019;4
magdalena;santa marta (ct);arma blanca / cortopunzante;1;1;10;2019;3
atlantico;soledad;sin empleo de armas;1;28;10;2019;2
antioquia;envigado;sin empleo de armas;1;31;7;2019;4
antioquia;medellin (ct);arma de fuego;1;28;2;2019;5
cundinamarca;facatativa;palancas;1;25;9;2019;4
bogota d.c. (ct);bogota d.c. (ct);arma de fuego;1;28;6;2019;6
magdalena;plato;arma de fuego;1;16;12;2019;2
bogota d.c. (ct);bogota d.c. (ct);arma de fuego;1;31;1;2019;5
bogota d.c. (ct);bogota d.c. (ct);arma de fuego;1;22;1;2019;3
bogota d.c. (ct);bogota d.c. (ct);arma de fuego;1;18;7;2019;5
bogota d.c. (ct);bogota d.c. (ct);arma de fuego;2;23;5;2019;5
bogota d.c. (ct);bogota d.c. (ct);arma de fuego;1;8;11;2019;6
narino;san andres de tumaco;no reporta;1;14;11;2019;5
antioquia;medellin (ct);sin empleo de armas;1;1;11;2019;6
antioquia;medellin (ct);sin empleo de armas;1;5;11;2019;3
bogota d.c. (ct);bogota d.c. (ct);arma de fuego;1;30;12;2019;2
bogota d.c. (ct);bogota d.c. (ct);arma de fuego;1;20;11;2019;4
atlantico;barranquilla (ct);palancas;1;11;4;2019;5
valle;cali (ct);arma de fuego;1;3;8;2019;7
bogota d.c. (ct);bogota d.c. (ct);arma de fuego;1;27;6;2019;5
bogota d.c. (ct);bogota d.c. (ct);sin empleo de armas;1;15;11;2019;6
bogota d.c. (ct);bogota d.c. (ct);arma de fuego;1;4;12;2019;4
choco;quibdo (ct);sin empleo de armas;1;7;5;2019;3
bogota d.c. (ct);bogota d.c. (ct);arma de fuego;1;4;7;2019;5
bogota d.c. (ct);bogota d.c. (ct);arma de fuego;1;15;2;2019;6
valle;cali (ct);arma de fuego;1;29;11;2019;6
valle;cali (ct);arma de fuego;1;4;7;2019;5
valle;cali (ct);arma de fuego;1;16;10;2019;4
atlantico;barranquilla (ct);arma de fuego;1;16;8;2019;6
bolivar;cartagena (ct);sin empleo de armas;1;19;6;2019;4
bogota d.c. (ct);bogota d.c. (ct);arma de fuego;1;29;1;2019;3
valle;cali (ct);arma de fuego;1;5;11;2019;3
bogota d.c. (ct);bogota d.c. (ct);arma de fuego;1;15;8;2019;5
cundinamarca;tabio;arma de fuego;1;7;3;2019;5
bogota d.c. (ct);bogota d.c. (ct);arma de fuego;1;21;2;2019;5
bogota d.c. (ct);bogota d.c. (ct);contundentes;1;11;8;2019;1
bogota d.c. (ct);bogota d.c. (ct);sin empleo de armas;1;12;9;2019;5
valle;cali (ct);arma de fuego;1;27;11;2019;4
valle;cali (ct);arma de fuego;1;3;12;2019;3
atlantico;barranquilla (ct);arma de fuego;1;30;10;2019;4
bogota d.c. (ct);bogota d.c. (ct);arma de fuego;1;21;6;2019;6
bogota d.c. (ct);bogota d.c. (ct);arma de fuego;1;28;12;2019;7
san andres;san andres (ct);arma de fuego;1;4;9;2019;4
sucre;sincelejo (ct);arma de fuego;1;16;5;2019;5
valle;cali (ct);arma de fuego;1;9;9;2019;2
bogota d.c. (ct);bogota d.c. (ct);arma de fuego;1;3;4;2019;4
bogota d.c. (ct);bogota d.c. (ct);arma de fuego;1;18;12;2019;4
cundinamarca;fusagasuga;no reporta;1;12;6;2019;4
bogota d.c. (ct);bogota d.c. (ct);arma de fuego;1;17;7;2019;4
bogota d.c. (ct);bogota d.c. (ct);contundentes;1;25;12;2019;4
antioquia;medellin (ct);contundentes;1;20;11;2019;4
bogota d.c. (ct);bogota d.c. (ct);sin empleo de armas;1;20;8;2019;3
bogota d.c. (ct);bogota d.c. (ct);arma de fuego;1;11;10;2019;6
bogota d.c. (ct);bogota d.c. (ct);sin empleo de armas;1;20;4;2019;7
huila;neiva (ct);arma blanca / cortopunzante;1;6;4;2019;7
sucre;ovejas;arma de fuego;1;1;4;2019;2
valle;cali (ct);arma de fuego;1;11;1;2019;6
valle;candelaria;arma de fuego;1;12;2;2019;3
valle;cali (ct);arma de fuego;1;3;7;2019;4
valle;cali (ct);arma de fuego;1;25;9;2019;4
bogota d.c. (ct);bogota d.c. (ct);contundentes;1;3;1;2020;6
bogota d.c. (ct);bogota d.c. (ct);sin empleo de armas;1;7;1;2020;3
valle;cali (ct);arma de fuego;1;7;1;2020;3
bolivar;magangue;arma de fuego;1;10;1;2020;6
bogota d.c. (ct);bogota d.c. (ct);arma de fuego;1;10;1;2020;6
antioquia;guadalupe;contundentes;1;11;1;2020;7
narino;alban;sin empleo de armas;1;14;1;2020;3
bogota d.c. (ct);bogota d.c. (ct);arma de fuego;1;15;1;2020;4
valle;cali (ct);palancas;1;15;1;2020;4
valle;cali (ct);arma de fuego;1;20;1;2020;2
atlantico;barranquilla (ct);no reporta;1;21;1;2020;3
norte de santander;cucuta (ct);arma de fuego;1;21;1;2020;3
valle;cali (ct);arma de fuego;1;21;1;2020;3
bogota d.c. (ct);bogota d.c. (ct);arma de fuego;1;22;1;2020;4
bogota d.c. (ct);bogota d.c. (ct);arma de fuego;1;22;1;2020;4
bogota d.c. (ct);bogota d.c. (ct);arma de fuego;1;24;1;2020;6
bogota d.c. (ct);bogota d.c. (ct);arma de fuego;1;29;1;2020;4
risaralda;pereira (ct);arma de fuego;1;30;1;2020;5
cundinamarca;tena;arma de fuego;1;4;2;2020;3
valle;cali (ct);arma de fuego;1;6;2;2020;5
sucre;morroa;contundentes;1;15;2;2020;7
bogota d.c. (ct);bogota d.c. (ct);arma de fuego;1;18;2;2020;3
antioquia;ciudad bolivar;arma de fuego;1;22;2;2020;7
valle;cali (ct);arma de fuego;1;25;2;2020;3
bogota d.c. (ct);bogota d.c. (ct);arma de fuego;1;5;3;2020;5
bogota d.c. (ct);bogota d.c. (ct);arma de fuego;1;13;3;2020;6
antioquia;medellin (ct);palancas;1;18;3;2020;4
bogota d.c. (ct);bogota d.c. (ct);arma de fuego;1;19;3;2020;5
antioquia;gomez plata;contundentes;1;20;3;2020;6
risaralda;dosquebradas;palancas;1;20;3;2020;6
sucre;corozal;arma de fuego;1;20;3;2020;6
bogota d.c. (ct);bogota d.c. (ct);arma de fuego;1;7;4;2020;3
risaralda;dosquebradas;arma de fuego;1;9;5;2020;7
bogota d.c. (ct);bogota d.c. (ct);arma de fuego;1;14;5;2020;5
bogota d.c. (ct);bogota d.c. (ct);arma de fuego;1;22;5;2020;6
bogota d.c. (ct);bogota d.c. (ct);arma de fuego;1;28;5;2020;5
bogota d.c. (ct);bogota d.c. (ct);arma de fuego;1;3;6;2020;4
bogota d.c. (ct);bogota d.c. (ct);arma de fuego;1;12;6;2020;6
bogota d.c. (ct);bogota d.c. (ct);arma de fuego;1;19;6;2020;6
antioquia;dabeiba;no reporta;1;29;6;2020;2
bogota d.c. (ct);bogota d.c. (ct);arma de fuego;1;1;7;2020;4
bogota d.c. (ct);bogota d.c. (ct);arma de fuego;1;6;7;2020;2
atlantico;barranquilla (ct);arma de fuego;1;23;7;2020;5
bolivar;turbaco;contundentes;1;3;8;2020;2
valle;jamundi;sin empleo de armas;1;5;8;2020;4
huila;pitalito;sin empleo de armas;1;11;8;2020;3
tolima;saldana;arma de fuego;1;13;8;2020;5
antioquia;medellin (ct);arma de fuego;1;21;8;2020;6
atlantico;candelaria;contundentes;1;22;8;2020;7
bogota d.c. (ct);bogota d.c. (ct);arma de fuego;1;2;9;2020;4
bogota d.c. (ct);bogota d.c. (ct);arma de fuego;1;2;9;2020;4
bogota d.c. (ct);bogota d.c. (ct);contundentes;1;9;9;2020;4
valle;cali (ct);sin empleo de armas;1;10;9;2020;5
valle;cali (ct);contundentes;1;10;9;2020;5
valle;cali (ct);contundentes;1;10;9;2020;5
valle;cali (ct);sin empleo de armas;1;11;9;2020;6
bogota d.c. (ct);bogota d.c. (ct);arma de fuego;1;16;9;2020;4
quindio;armenia (ct);arma de fuego;1;17;9;2020;5
bolivar;cartagena (ct);llave maestra;1;18;9;2020;6
bogota d.c. (ct);bogota d.c. (ct);arma de fuego;1;22;9;2020;3
bogota d.c. (ct);bogota d.c. (ct);arma de fuego;1;2;10;2020;6
risaralda;dosquebradas;arma de fuego;1;2;10;2020;6
bogota d.c. (ct);bogota d.c. (ct);sin empleo de armas;1;6;10;2020;3
antioquia;medellin (ct);arma de fuego;1;14;10;2020;4
bogota d.c. (ct);bogota d.c. (ct);arma de fuego;1;15;10;2020;5
antioquia;la estrella;contundentes;1;19;10;2020;2
santander;piedecuesta;llave maestra;1;23;10;2020;6
bogota d.c. (ct);bogota d.c. (ct);arma de fuego;1;26;10;2020;2
bogota d.c. (ct);bogota d.c. (ct);arma de fuego;1;28;10;2020;4
atlantico;juan de acosta;contundentes;1;31;10;2020;7
bogota d.c. (ct);bogota d.c. (ct);sin empleo de armas;1;6;11;2020;6
bogota d.c. (ct);bogota d.c. (ct);arma de fuego;1;12;11;2020;5
santander;barbosa;arma de fuego;1;12;11;2020;5
san andres;providencia;llave maestra;1;16;11;2020;2
bogota d.c. (ct);bogota d.c. (ct);arma de fuego;1;17;11;2020;3
antioquia;medellin (ct);arma de fuego;2;18;11;2020;4
antioquia;sabaneta;arma de fuego;1;19;11;2020;5
bogota d.c. (ct);bogota d.c. (ct);arma de fuego;1;19;11;2020;5
bogota d.c. (ct);bogota d.c. (ct);arma de fuego;1;25;11;2020;4
bogota d.c. (ct);bogota d.c. (ct);arma de fuego;1;26;11;2020;5
sucre;sucre;arma de fuego;1;27;11;2020;6
boyaca;moniquira;arma de fuego;1;1;12;2020;3
valle;cali (ct);contundentes;1;4;12;2020;6
bogota d.c. (ct);bogota d.c. (ct);arma de fuego;1;7;12;2020;2
bogota d.c. (ct);bogota d.c. (ct);contundentes;1;7;12;2020;2
santander;barbosa;arma de fuego;1;16;12;2020;4
antioquia;medellin (ct);arma de fuego;1;22;12;2020;3
valle;cali (ct);contundentes;1;25;12;2020;6
bogota d.c. (ct);bogota d.c. (ct);arma de fuego;1;29;12;2020;3
bogota d.c. (ct);bogota d.c. (ct);arma de fuego;1;30;12;2020;4
antioquia;bello;arma de fuego;1;25;6;2021;6
antioquia;bello;arma de fuego;1;18;8;2021;4
atlantico;barranquilla (ct);arma de fuego;1;7;4;2021;4
atlantico;barranquilla (ct);arma de fuego;1;25;6;2021;6
atlantico;barranquilla (ct);arma de fuego;1;4;8;2021;4
atlantico;barranquilla (ct);arma de fuego;1;30;9;2021;5
atlantico;barranquilla (ct);arma de fuego;1;11;10;2021;2
atlantico;barranquilla (ct);arma de fuego;1;4;11;2021;5
atlantico;barranquilla (ct);arma de fuego;1;17;11;2021;4
atlantico;soledad;arma de fuego;1;15;12;2021;4
boyaca;paipa;arma de fuego;1;7;1;2021;5
caldas;la dorada;arma de fuego;1;1;3;2021;2
cesar;pailitas;arma de fuego;1;26;11;2021;6
cesar;san diego;arma de fuego;1;13;8;2021;6
cesar;valledupar (ct);arma de fuego;1;5;2;2021;6
cesar;valledupar (ct);arma de fuego;1;15;9;2021;4
bogota d.c. (ct);bogota d.c. (ct);arma de fuego;1;12;1;2021;3
bogota d.c. (ct);bogota d.c. (ct);arma de fuego;1;28;1;2021;5
bogota d.c. (ct);bogota d.c. (ct);arma de fuego;1;11;2;2021;5
bogota d.c. (ct);bogota d.c. (ct);arma de fuego;1;16;2;2021;3
bogota d.c. (ct);bogota d.c. (ct);arma de fuego;1;2;3;2021;3
bogota d.c. (ct);bogota d.c. (ct);arma de fuego;1;5;3;2021;6
bogota d.c. (ct);bogota d.c. (ct);arma de fuego;1;16;3;2021;3
bogota d.c. (ct);bogota d.c. (ct);arma de fuego;1;21;4;2021;4
bogota d.c. (ct);bogota d.c. (ct);arma de fuego;1;1;6;2021;3
bogota d.c. (ct);bogota d.c. (ct);arma de fuego;1;4;6;2021;6
bogota d.c. (ct);bogota d.c. (ct);arma de fuego;1;9;6;2021;4
bogota d.c. (ct);bogota d.c. (ct);arma de fuego;1;24;6;2021;5
bogota d.c. (ct);bogota d.c. (ct);arma de fuego;1;14;7;2021;4
guajira;barrancas;arma de fuego;1;12;9;2021;1
guajira;urumita;arma de fuego;1;3;8;2021;3
guajira;villanueva;arma de fuego;1;20;9;2021;2
huila;neiva (ct);arma de fuego;1;20;10;2021;4
magdalena;cienaga;arma de fuego;1;6;8;2021;6
magdalena;el banco;arma de fuego;1;15;9;2021;4
magdalena;guamal;arma de fuego;1;15;10;2021;6
magdalena;santa ana;arma de fuego;1;10;9;2021;6
magdalena;santa marta (ct);arma de fuego;1;23;3;2021;3
magdalena;santa marta (ct);arma de fuego;1;5;5;2021;4
magdalena;santa marta (ct);arma de fuego;1;3;8;2021;3
magdalena;zona bananera;arma de fuego;1;14;4;2021;4
quindio;armenia (ct);arma de fuego;1;9;2;2021;3
quindio;armenia (ct);arma de fuego;1;22;2;2021;2
santander;puerto wilches;arma de fuego;1;7;9;2021;3
sucre;san luis de since;arma de fuego;1;26;3;2021;6
tolima;espinal;arma de fuego;1;19;4;2021;2
valle;cali (ct);arma de fuego;1;2;2;2021;3
valle;cali (ct);arma de fuego;1;23;2;2021;3
valle;cali (ct);arma de fuego;1;25;3;2021;5
valle;cali (ct);arma de fuego;1;28;4;2021;4
valle;cali (ct);arma de fuego;1;19;7;2021;2
valle;cali (ct);arma de fuego;1;28;9;2021;3
valle;palmira;arma de fuego;1;3;12;2021;6
antioquia;copacabana;contundentes;1;31;10;2021;1
cesar;manaure;contundentes;1;21;6;2021;2
bogota d.c. (ct);bogota d.c. (ct);contundentes;1;8;3;2021;2
bogota d.c. (ct);bogota d.c. (ct);contundentes;1;22;5;2021;7
bogota d.c. (ct);bogota d.c. (ct);contundentes;1;17;6;2021;5
bogota d.c. (ct);bogota d.c. (ct);contundentes;1;22;6;2021;3
guainia;inirida (ct);contundentes;1;4;9;2021;7
magdalena;santa marta (ct);contundentes;1;8;6;2021;3
norte de santander;cucuta (ct);contundentes;1;28;5;2021;6
norte de santander;los patios;contundentes;1;11;10;2021;2
sucre;la union;contundentes;1;3;7;2021;7
sucre;san benito abad;contundentes;1;1;5;2021;7
valle;cali (ct);contundentes;3;28;4;2021;4
valle;cali (ct);contundentes;1;1;5;2021;7
valle;cali (ct);contundentes;1;4;5;2021;3
valle;cali (ct);contundentes;1;5;5;2021;4
valle;cali (ct);contundentes;1;22;5;2021;7
valle;cali (ct);contundentes;1;29;5;2021;7
atlantico;barranquilla (ct);llave maestra;1;15;9;2021;4
bogota d.c. (ct);bogota d.c. (ct);llave maestra;1;28;3;2021;1
bogota d.c. (ct);bogota d.c. (ct);llave maestra;1;22;8;2021;1
cundinamarca;gacheta;llave maestra;1;25;1;2021;2
bogota d.c. (ct);bogota d.c. (ct);palancas;1;5;5;2021;4
bogota d.c. (ct);bogota d.c. (ct);palancas;1;24;6;2021;5
valle;cali (ct);palancas;1;3;5;2021;2
antioquia;medellin (ct);sin empleo de armas;1;20;1;2021;4
antioquia;mutata;sin empleo de armas;1;31;3;2021;4
atlantico;barranquilla (ct);sin empleo de armas;1;30;7;2021;6
atlantico;barranquilla (ct);sin empleo de armas;1;25;10;2021;2
atlantico;barranquilla (ct);sin empleo de armas;1;7;12;2021;3
atlantico;puerto colombia;sin empleo de armas;1;12;8;2021;5
atlantico;soledad;sin empleo de armas;1;14;7;2021;4
caqueta;cartagena del chaira;sin empleo de armas;1;23;4;2021;6
bogota d.c. (ct);bogota d.c. (ct);sin empleo de armas;1;25;1;2021;2
bogota d.c. (ct);bogota d.c. (ct);sin empleo de armas;3;9;2;2021;3
bogota d.c. (ct);bogota d.c. (ct);sin empleo de armas;1;6;3;2021;7
bogota d.c. (ct);bogota d.c. (ct);sin empleo de armas;1;28;4;2021;4
bogota d.c. (ct);bogota d.c. (ct);sin empleo de armas;1;14;6;2021;2
bogota d.c. (ct);bogota d.c. (ct);sin empleo de armas;1;23;6;2021;4
bogota d.c. (ct);bogota d.c. (ct);sin empleo de armas;1;14;9;2021;3
bogota d.c. (ct);bogota d.c. (ct);sin empleo de armas;1;30;9;2021;5
bogota d.c. (ct);bogota d.c. (ct);sin empleo de armas;1;25;11;2021;5
bogota d.c. (ct);bogota d.c. (ct);sin empleo de armas;1;7;12;2021;3
bogota d.c. (ct);bogota d.c. (ct);sin empleo de armas;2;10;12;2021;6
bogota d.c. (ct);bogota d.c. (ct);sin empleo de armas;3;12;12;2021;1
bogota d.c. (ct);bogota d.c. (ct);sin empleo de armas;1;13;12;2021;2
cundinamarca;chia;sin empleo de armas;1;2;11;2021;3
cundinamarca;facatativa;sin empleo de armas;1;7;12;2021;3
cundinamarca;la mesa;sin empleo de armas;1;30;9;2021;5
guajira;riohacha (ct);sin empleo de armas;1;27;7;2021;3
huila;neiva (ct);sin empleo de armas;1;5;12;2021;1
narino;el rosario;sin empleo de armas;1;26;11;2021;6
bogota d.c. (ct);bogota d.c. (ct);arma blanca / cortopunzante;1;7;9;2022;4
antioquia;bello;arma de fuego;1;28;1;2022;6
antioquia;gomez plata;arma de fuego;1;19;4;2022;3
antioquia;puerto berrio;arma de fuego;1;18;10;2022;3
antioquia;puerto berrio;arma de fuego;1;2;12;2022;6
antioquia;yondo;arma de fuego;1;30;8;2022;3
atlantico;barranquilla (ct);arma de fuego;1;17;1;2022;2
atlantico;barranquilla (ct);arma de fuego;1;18;1;2022;3
atlantico;barranquilla (ct);arma de fuego;1;3;2;2022;5
atlantico;barranquilla (ct);arma de fuego;1;26;2;2022;7
atlantico;barranquilla (ct);arma de fuego;1;8;3;2022;3
atlantico;barranquilla (ct);arma de fuego;1;11;4;2022;2
atlantico;barranquilla (ct);arma de fuego;1;20;4;2022;4
atlantico;barranquilla (ct);arma de fuego;1;22;4;2022;6
atlantico;barranquilla (ct);arma de fuego;1;23;4;2022;7
atlantico;barranquilla (ct);arma de fuego;1;11;5;2022;4
atlantico;barranquilla (ct);arma de fuego;1;31;5;2022;3
atlantico;barranquilla (ct);arma de fuego;2;15;7;2022;6
atlantico;barranquilla (ct);arma de fuego;1;5;8;2022;6
atlantico;barranquilla (ct);arma de fuego;1;13;9;2022;3
atlantico;barranquilla (ct);arma de fuego;1;21;9;2022;4
atlantico;barranquilla (ct);arma de fuego;1;5;10;2022;4
atlantico;barranquilla (ct);arma de fuego;1;13;10;2022;5
atlantico;barranquilla (ct);arma de fuego;1;30;10;2022;1
atlantico;luruaco;arma de fuego;1;4;10;2022;3
atlantico;malambo;arma de fuego;1;12;11;2022;7
atlantico;manati;arma de fuego;1;19;10;2022;4
atlantico;soledad;arma de fuego;1;17;2;2022;5
atlantico;soledad;arma de fuego;1;8;11;2022;3
atlantico;soledad;arma de fuego;1;8;12;2022;5
bolivar;arjona;arma de fuego;1;28;10;2022;6
bolivar;el carmen de bolivar;arma de fuego;1;13;9;2022;3
bolivar;mompos;arma de fuego;1;14;1;2022;6
bolivar;mompos;arma de fuego;1;27;4;2022;4
bolivar;san juan nepomuceno;arma de fuego;1;18;10;2022;3
bolivar;turbaco;arma de fuego;1;8;4;2022;6
bolivar;turbaco;arma de fuego;1;1;6;2022;4
boyaca;puerto boyaca;arma de fuego;1;24;10;2022;2
boyaca;puerto boyaca;arma de fuego;1;16;12;2022;6
cesar;aguachica;arma de fuego;1;3;10;2022;2
cesar;becerril;arma de fuego;1;12;9;2022;2
cesar;bosconia;arma de fuego;1;15;7;2022;6
cesar;san alberto;arma de fuego;1;21;10;2022;6
cesar;valledupar (ct);arma de fuego;1;27;10;2022;5
cordoba;cerete;arma de fuego;1;19;8;2022;6
cordoba;lorica;arma de fuego;1;19;7;2022;3
bogota d.c. (ct);bogota d.c. (ct);arma de fuego;1;31;5;2022;3
bogota d.c. (ct);bogota d.c. (ct);arma de fuego;1;28;6;2022;3
bogota d.c. (ct);bogota d.c. (ct);arma de fuego;1;2;11;2022;4
cundinamarca;soacha;arma de fuego;1;15;2;2022;3
guajira;barrancas;arma de fuego;2;4;5;2022;4
guajira;fonseca;arma de fuego;1;31;5;2022;3
huila;saladoblanco;arma de fuego;1;1;4;2022;6
huila;suaza;arma de fuego;1;18;2;2022;6
magdalena;cienaga;arma de fuego;1;11;3;2022;6
magdalena;cienaga;arma de fuego;1;11;11;2022;6
magdalena;el banco;arma de fuego;1;9;8;2022;3
magdalena;fundacion;arma de fuego;1;10;8;2022;4
magdalena;plato;arma de fuego;1;13;4;2022;4
magdalena;san sebastian de buenavista;arma de fuego;1;8;3;2022;3
magdalena;santa marta (ct);arma de fuego;1;25;7;2022;2
magdalena;santa marta (ct);arma de fuego;1;10;8;2022;4
magdalena;santa marta (ct);arma de fuego;1;13;9;2022;3
magdalena;santa marta (ct);arma de fuego;1;26;9;2022;2
magdalena;santa marta (ct);arma de fuego;1;15;11;2022;3
magdalena;zona bananera;arma de fuego;1;8;2;2022;3
quindio;armenia (ct);arma de fuego;1;22;2;2022;3
santander;puerto wilches;arma de fuego;1;15;11;2022;3
santander;sabana de torres;arma de fuego;1;5;9;2022;2
sucre;los palmitos;arma de fuego;1;23;3;2022;4
sucre;san benito abad;arma de fuego;1;18;3;2022;6
sucre;sincelejo (ct);arma de fuego;1;18;8;2022;5
tolima;ibague (ct);arma de fuego;1;22;2;2022;3
valle;cali (ct);arma de fuego;1;25;1;2022;3
valle;cali (ct);arma de fuego;1;7;2;2022;2
valle;cali (ct);arma de fuego;1;8;2;2022;3
valle;cali (ct);arma de fuego;1;6;5;2022;6
valle;cali (ct);arma de fuego;1;18;10;2022;3
caqueta;florencia (ct);contundentes;1;17;11;2022;5
cesar;bosconia;contundentes;1;25;7;2022;2
cesar;pailitas;contundentes;1;24;7;2022;1
cesar;san martin;contundentes;1;1;1;2022;7
bogota d.c. (ct);bogota d.c. (ct);contundentes;1;20;1;2022;5
bogota d.c. (ct);bogota d.c. (ct);contundentes;1;28;2;2022;2
bogota d.c. (ct);bogota d.c. (ct);contundentes;1;18;5;2022;4
bogota d.c. (ct);bogota d.c. (ct);contundentes;1;11;7;2022;2
cundinamarca;cota;contundentes;1;29;8;2022;2
meta;acacias;contundentes;1;29;9;2022;5
norte de santander;cucuta (ct);contundentes;1;28;3;2022;2
santander;sabana de torres;contundentes;1;22;5;2022;1
sucre;san benito abad;contundentes;1;10;12;2022;7
valle;cali (ct);contundentes;1;28;8;2022;1
bolivar;cartagena (ct);llave maestra;1;1;12;2022;5
bogota d.c. (ct);bogota d.c. (ct);llave maestra;1;3;7;2022;1
bogota d.c. (ct);bogota d.c. (ct);llave maestra;1;26;9;2022;2
norte de santander;convencion;palancas;1;29;11;2022;3
antioquia;la ceja;sin empleo de armas;1;2;2;2022;4
antioquia;medellin (ct);sin empleo de armas;1;16;3;2022;4
antioquia;medellin (ct);sin empleo de armas;1;25;7;2022;2
antioquia;medellin (ct);sin empleo de armas;1;19;12;2022;2
antioquia;rionegro;sin empleo de armas;1;15;10;2022;7
atlantico;barranquilla (ct);sin empleo de armas;1;18;1;2022;3
atlantico;barranquilla (ct);sin empleo de armas;1;17;5;2022;3
atlantico;barranquilla (ct);sin empleo de armas;1;30;6;2022;5
atlantico;barranquilla (ct);sin empleo de armas;1;5;8;2022;6
atlantico;barranquilla (ct);sin empleo de armas;1;16;8;2022;3
atlantico;barranquilla (ct);sin empleo de armas;1;17;8;2022;4
atlantico;barranquilla (ct);sin empleo de armas;1;23;8;2022;3
caldas;la dorada;sin empleo de armas;1;1;3;2022;3
caqueta;cartagena del chaira;sin empleo de armas;1;29;9;2022;5
bogota d.c. (ct);bogota d.c. (ct);sin empleo de armas;1;25;1;2022;3
bogota d.c. (ct);bogota d.c. (ct);sin empleo de armas;1;11;2;2022;6
bogota d.c. (ct);bogota d.c. (ct);sin empleo de armas;1;14;2;2022;2
bogota d.c. (ct);bogota d.c. (ct);sin empleo de armas;1;16;3;2022;4
bogota d.c. (ct);bogota d.c. (ct);sin empleo de armas;1;5;4;2022;3
bogota d.c. (ct);bogota d.c. (ct);sin empleo de armas;1;5;5;2022;5
bogota d.c. (ct);bogota d.c. (ct);sin empleo de armas;1;13;5;2022;6
bogota d.c. (ct);bogota d.c. (ct);sin empleo de armas;1;29;6;2022;4
bogota d.c. (ct);bogota d.c. (ct);sin empleo de armas;1;8;7;2022;6
bogota d.c. (ct);bogota d.c. (ct);sin empleo de armas;1;18;8;2022;5
bogota d.c. (ct);bogota d.c. (ct);sin empleo de armas;1;31;8;2022;4
bogota d.c. (ct);bogota d.c. (ct);sin empleo de armas;1;13;9;2022;3
bogota d.c. (ct);bogota d.c. (ct);sin empleo de armas;1;27;9;2022;3
bogota d.c. (ct);bogota d.c. (ct);sin empleo de armas;1;11;10;2022;3
bogota d.c. (ct);bogota d.c. (ct);sin empleo de armas;1;6;11;2022;1
bogota d.c. (ct);bogota d.c. (ct);sin empleo de armas;1;2;12;2022;6
bogota d.c. (ct);bogota d.c. (ct);sin empleo de armas;1;27;12;2022;3
guajira;riohacha (ct);sin empleo de armas;1;13;12;2022;3
magdalena;cienaga;sin empleo de armas;1;25;3;2022;6
magdalena;santa marta (ct);sin empleo de armas;1;7;2;2022;2
magdalena;santa marta (ct);sin empleo de armas;1;1;4;2022;6
magdalena;santa marta (ct);sin empleo de armas;1;13;4;2022;4
magdalena;santa marta (ct);sin empleo de armas;1;12;5;2022;5
magdalena;santa marta (ct);sin empleo de armas;1;24;6;2022;6
magdalena;santa marta (ct);sin empleo de armas;1;9;12;2022;6
valle;cali (ct);sin empleo de armas;1;16;3;2022;4
antioquia;envigado;arma de fuego;1;9;11;2023;5
antioquia;medellin (ct);arma de fuego;1;1;2;2023;4
antioquia;medellin (ct);arma de fuego;1;13;2;2023;2
antioquia;medellin (ct);arma de fuego;1;24;2;2023;6
antioquia;medellin (ct);arma de fuego;1;3;3;2023;6
antioquia;medellin (ct);arma de fuego;1;5;9;2023;3
atlantico;baranoa;arma de fuego;1;14;2;2023;3
atlantico;barranquilla (ct);arma de fuego;1;11;1;2023;4
atlantico;barranquilla (ct);arma de fuego;1;2;3;2023;5
atlantico;barranquilla (ct);arma de fuego;1;17;3;2023;6
atlantico;barranquilla (ct);arma de fuego;1;30;3;2023;5
atlantico;barranquilla (ct);arma de fuego;1;5;4;2023;4
atlantico;barranquilla (ct);arma de fuego;1;14;7;2023;6
atlantico;barranquilla (ct);arma de fuego;1;30;8;2023;4
atlantico;barranquilla (ct);arma de fuego;1;25;9;2023;2
atlantico;barranquilla (ct);arma de fuego;1;27;9;2023;4
atlantico;barranquilla (ct);arma de fuego;1;5;10;2023;5
atlantico;barranquilla (ct);arma de fuego;1;21;12;2023;5
atlantico;barranquilla (ct);arma de fuego;1;28;12;2023;5
atlantico;campo de la cruz;arma de fuego;1;9;5;2023;3
atlantico;puerto colombia;arma de fuego;1;25;8;2023;6
atlantico;puerto colombia;arma de fuego;1;3;10;2023;3
atlantico;soledad;arma de fuego;1;3;5;2023;4
atlantico;soledad;arma de fuego;1;27;7;2023;5
atlantico;soledad;arma de fuego;1;1;9;2023;6
atlantico;soledad;arma de fuego;1;18;10;2023;4
bolivar;mompos;arma de fuego;1;12;1;2023;5
cesar;agustin codazzi;arma de fuego;1;25;1;2023;4
cesar;el copey;arma de fuego;1;28;3;2023;3
cesar;pelaya;arma de fuego;1;10;1;2023;3
cesar;rio de oro;arma de fuego;1;13;3;2023;2
bogota d.c. (ct);bogota d.c. (ct);arma de fuego;1;9;2;2023;5
bogota d.c. (ct);bogota d.c. (ct);arma de fuego;2;23;2;2023;5
bogota d.c. (ct);bogota d.c. (ct);arma de fuego;1;9;3;2023;5
bogota d.c. (ct);bogota d.c. (ct);arma de fuego;1;29;3;2023;4
bogota d.c. (ct);bogota d.c. (ct);arma de fuego;1;14;4;2023;6
bogota d.c. (ct);bogota d.c. (ct);arma de fuego;1;2;5;2023;3
bogota d.c. (ct);bogota d.c. (ct);arma de fuego;1;4;9;2023;2
bogota d.c. (ct);bogota d.c. (ct);arma de fuego;1;6;9;2023;4
bogota d.c. (ct);bogota d.c. (ct);arma de fuego;1;27;9;2023;4
bogota d.c. (ct);bogota d.c. (ct);arma de fuego;1;4;10;2023;4
bogota d.c. (ct);bogota d.c. (ct);arma de fuego;1;20;10;2023;6
bogota d.c. (ct);bogota d.c. (ct);arma de fuego;1;8;11;2023;4
bogota d.c. (ct);bogota d.c. (ct);arma de fuego;1;27;12;2023;4
cundinamarca;fusagasuga;arma de fuego;1;11;5;2023;5
cundinamarca;soacha;arma de fuego;1;24;1;2023;3
cundinamarca;soacha;arma de fuego;1;24;11;2023;6
cundinamarca;tenjo;arma de fuego;1;22;6;2023;5
guajira;riohacha (ct);arma de fuego;1;23;3;2023;5
guajira;riohacha (ct);arma de fuego;1;7;12;2023;5
huila;neiva (ct);arma de fuego;1;4;12;2023;2
magdalena;santa marta (ct);arma de fuego;1;16;2;2023;5
magdalena;santa marta (ct);arma de fuego;1;18;4;2023;3
magdalena;zona bananera;arma de fuego;1;30;1;2023;2
narino;taminango;arma de fuego;1;2;2;2023;5
norte de santander;teorama;arma de fuego;1;28;2;2023;3
quindio;calarca;arma de fuego;1;2;11;2023;5
risaralda;pereira (ct);arma de fuego;1;9;5;2023;3
risaralda;pereira (ct);arma de fuego;1;11;10;2023;4
santander;barbosa;arma de fuego;1;29;8;2023;3
santander;puerto wilches;arma de fuego;1;13;2;2023;2
sucre;corozal;arma de fuego;1;8;5;2023;2
sucre;san luis de since;arma de fuego;1;1;3;2023;4
sucre;santiago de tolu;arma de fuego;1;24;7;2023;2
tolima;espinal;arma de fuego;1;30;11;2023;5
valle;cali (ct);arma de fuego;1;1;3;2023;4
valle;cali (ct);arma de fuego;1;11;4;2023;3
valle;cali (ct);arma de fuego;1;3;10;2023;3
valle;cali (ct);arma de fuego;1;16;11;2023;5
valle;cali (ct);arma de fuego;1;14;12;2023;5
valle;candelaria;arma de fuego;1;5;6;2023;2
cauca;padilla;contundentes;1;31;3;2023;6
cundinamarca;funza;contundentes;1;17;11;2023;6
cundinamarca;girardot;contundentes;1;5;6;2023;2
guajira;riohacha (ct);contundentes;1;20;3;2023;2
magdalena;plato;contundentes;1;30;1;2023;2
norte de santander;cachira;contundentes;1;6;11;2023;2
tolima;coyaima;contundentes;1;21;8;2023;2
valle;palmira;contundentes;1;22;12;2023;6
cundinamarca;cajica;llave maestra;1;26;11;2023;1
magdalena;santa marta (ct);llave maestra;1;27;10;2023;6
antioquia;medellin (ct);sin empleo de armas;1;10;2;2023;6
antioquia;medellin (ct);sin empleo de armas;1;23;10;2023;2
atlantico;barranquilla (ct);sin empleo de armas;1;14;9;2023;5
atlantico;barranquilla (ct);sin empleo de armas;1;20;10;2023;6
atlantico;barranquilla (ct);sin empleo de armas;1;31;10;2023;3
atlantico;barranquilla (ct);sin empleo de armas;1;13;12;2023;4
atlantico;soledad;sin empleo de armas;1;12;10;2023;5
atlantico;soledad;sin empleo de armas;1;6;12;2023;4
caqueta;florencia (ct);sin empleo de armas;1;4;8;2023;6
caqueta;florencia (ct);sin empleo de armas;1;21;9;2023;5
casanare;pore;sin empleo de armas;1;1;12;2023;6
cordoba;monteria (ct);sin empleo de armas;1;16;11;2023;5
bogota d.c. (ct);bogota d.c. (ct);sin empleo de armas;1;1;9;2023;6
bogota d.c. (ct);bogota d.c. (ct);sin empleo de armas;1;12;12;2023;3
bogota d.c. (ct);bogota d.c. (ct);sin empleo de armas;1;28;12;2023;5
cundinamarca;el colegio;sin empleo de armas;1;4;11;2023;7
cundinamarca;funza;sin empleo de armas;1;28;12;2023;5
cundinamarca;tocaima;sin empleo de armas;1;28;7;2023;6
meta;villavicencio (ct);sin empleo de armas;1;18;9;2023;2
putumayo;puerto asis;sin empleo de armas;1;26;5;2023;6
cundinamarca;tocancipa;no reporta;1;25;3;2023;7
atlantico;barranquilla (ct);arma de fuego;1;18;1;2024;5
atlantico;puerto colombia;arma de fuego;1;5;3;2024;3
atlantico;puerto colombia;arma de fuego;1;21;3;2024;5
bogota d.c. (ct);bogota d.c. (ct);arma de fuego;1;4;1;2024;5
bogota d.c. (ct);bogota d.c. (ct);arma de fuego;1;11;1;2024;5
bogota d.c. (ct);bogota d.c. (ct);arma de fuego;1;23;1;2024;3
bogota d.c. (ct);bogota d.c. (ct);arma de fuego;1;12;4;2024;6
magdalena;cienaga;arma de fuego;1;14;2;2024;4
magdalena;santa marta (ct);arma de fuego;1;4;4;2024;5
meta;guamal;arma de fuego;1;22;1;2024;2
meta;villavicencio (ct);arma de fuego;1;17;4;2024;4
quindio;armenia (ct);arma de fuego;1;18;1;2024;5
valle;cali (ct);arma de fuego;1;1;3;2024;6
valle;cartago;arma de fuego;1;18;1;2024;5
atlantico;barranquilla (ct);sin empleo de armas;1;27;2;2024;3
atlantico;barranquilla (ct);sin empleo de armas;1;4;4;2024;5
atlantico;barranquilla (ct);sin empleo de armas;1;30;4;2024;3
bogota d.c. (ct);bogota d.c. (ct);sin empleo de armas;1;26;2;2024;2